################################################################################
# Neural network connection values (weights and biases).
################################################################################
# Col  Name       Description
################################################################################
# 1    connection Neural network connection value.
# 2    t          Connection type (a = weight, b = bias).
# 3    index      Index enumerating weights.
# 4    l_s        Starting point layer (end point layer for biases).
# 5    n_s        Starting point neuron in starting layer (end point neuron for biases).
# 6    l_e        End point layer.
# 7    n_e        End point neuron in end layer.
################################################################################
#                      1 2         3     4     5     6     7
#             connection t     index   l_s   n_s   l_e   n_e
############################################################
  2.2197547946216617E-02 a         1     0     1     1     1
 -6.1822915366020070E-01 a         2     0     1     1     2
  6.3081420552226763E-01 a         3     0     1     1     3
 -3.4588851944209842E+00 a         4     0     1     1     4
 -5.1362723873954161E+00 a         5     0     1     1     5
  7.6680302454763705E-01 a         6     0     1     1     6
  2.0688516689022252E+00 a         7     0     1     1     7
 -4.0451882471929568E-01 a         8     0     1     1     8
 -3.8763579789519569E+00 a         9     0     1     1     9
  4.3241211417992327E+00 a        10     0     1     1    10
  1.8114281224439304E+00 a        11     0     1     1    11
 -1.2737085153142120E+00 a        12     0     1     1    12
 -2.2182338571946181E+00 a        13     0     1     1    13
 -2.6710000561109988E+00 a        14     0     1     1    14
  1.8201476545419477E+00 a        15     0     1     1    15
 -1.0833968591402532E+00 a        16     0     1     1    16
 -2.4113919177853038E+00 a        17     0     1     1    17
  3.2968462352747392E+00 a        18     0     1     1    18
  1.4272960890029995E+00 a        19     0     1     1    19
  2.6684983800268154E+00 a        20     0     1     1    20
 -3.1399017446848823E+00 a        21     0     1     1    21
  6.0668411299687974E-01 a        22     0     1     1    22
  3.9462438825668848E-02 a        23     0     1     1    23
 -7.0063548336216031E-01 a        24     0     1     1    24
 -1.5433570375498831E+00 a        25     0     1     1    25
 -2.2456290040873412E+00 a        26     0     2     1     1
  6.1240987204078596E+00 a        27     0     2     1     2
  2.7065979469872403E-01 a        28     0     2     1     3
 -4.0637375510371859E-01 a        29     0     2     1     4
 -5.5986677247961936E+00 a        30     0     2     1     5
 -1.7473447718946713E+00 a        31     0     2     1     6
 -3.3231717813064261E+00 a        32     0     2     1     7
 -4.3240442124985634E+00 a        33     0     2     1     8
  8.6283497506514528E-01 a        34     0     2     1     9
 -3.4399287627298194E+00 a        35     0     2     1    10
 -1.4070415990371374E-01 a        36     0     2     1    11
  1.5279116630114766E+00 a        37     0     2     1    12
  1.9736050744527249E+00 a        38     0     2     1    13
  1.9168539619550171E+00 a        39     0     2     1    14
 -1.3743822098982439E+00 a        40     0     2     1    15
  1.3882919311591215E+00 a        41     0     2     1    16
 -1.0860404068829681E+00 a        42     0     2     1    17
  5.5566202256921651E+00 a        43     0     2     1    18
 -2.6611738025953247E+00 a        44     0     2     1    19
 -7.0379856222022763E-01 a        45     0     2     1    20
 -2.1813032076847816E+00 a        46     0     2     1    21
 -8.5880487423397323E-01 a        47     0     2     1    22
  6.5204415944252716E+00 a        48     0     2     1    23
 -4.4320099652401257E-01 a        49     0     2     1    24
 -1.8540470643464688E-01 a        50     0     2     1    25
  3.2763067240725069E-01 a        51     0     3     1     1
 -2.1718102784894533E-01 a        52     0     3     1     2
 -2.7697727137583256E-01 a        53     0     3     1     3
 -1.6028817563060000E+00 a        54     0     3     1     4
 -1.3066092266870617E+00 a        55     0     3     1     5
 -4.9568681902507428E-01 a        56     0     3     1     6
  5.2594080526511744E-01 a        57     0     3     1     7
  9.3422753872651310E-01 a        58     0     3     1     8
 -3.9058952249317408E-01 a        59     0     3     1     9
  1.1398205415309099E+00 a        60     0     3     1    10
 -6.9360846432437118E-01 a        61     0     3     1    11
 -1.9257574054463207E+00 a        62     0     3     1    12
 -1.0557351350466542E+00 a        63     0     3     1    13
 -1.3889300484896936E+00 a        64     0     3     1    14
  8.0763762661666427E-01 a        65     0     3     1    15
 -7.3415311006489525E-01 a        66     0     3     1    16
  2.0826909494969134E-01 a        67     0     3     1    17
 -6.4461260081838534E-01 a        68     0     3     1    18
  5.3958010410939428E-01 a        69     0     3     1    19
  1.3168914647393015E-01 a        70     0     3     1    20
  4.6802749805138560E-01 a        71     0     3     1    21
 -8.5996642697594661E-02 a        72     0     3     1    22
 -2.5966130384487265E+00 a        73     0     3     1    23
 -6.2503058317894766E-01 a        74     0     3     1    24
 -2.5402014276529727E-01 a        75     0     3     1    25
  1.7429132824189697E+00 a        76     0     4     1     1
  3.9650143236694879E-01 a        77     0     4     1     2
 -1.0991221310975126E-01 a        78     0     4     1     3
 -7.9385216318776686E-01 a        79     0     4     1     4
  1.0615866507880563E+00 a        80     0     4     1     5
 -1.0377794124299182E-01 a        81     0     4     1     6
 -7.4007348488571656E-01 a        82     0     4     1     7
  2.7624442735695092E+00 a        83     0     4     1     8
 -9.1109478736208060E-02 a        84     0     4     1     9
 -6.9688539211210376E-02 a        85     0     4     1    10
 -1.2639803137661723E+00 a        86     0     4     1    11
  1.9390936873779949E-01 a        87     0     4     1    12
  3.9545723084435852E-01 a        88     0     4     1    13
  1.1017119133349196E+00 a        89     0     4     1    14
  2.4244298697391082E+00 a        90     0     4     1    15
 -7.8734751270283709E-01 a        91     0     4     1    16
 -4.0800145466641086E-01 a        92     0     4     1    17
 -5.2927714355487576E-01 a        93     0     4     1    18
  6.3082583709701523E-01 a        94     0     4     1    19
  2.9008025244941016E-01 a        95     0     4     1    20
  6.8014833464102165E-01 a        96     0     4     1    21
  1.8563295922364418E+00 a        97     0     4     1    22
 -3.2106396687263822E-01 a        98     0     4     1    23
  3.4299795960891000E-01 a        99     0     4     1    24
  3.1895540043847725E-01 a       100     0     4     1    25
 -3.0173504060217915E-01 a       101     0     5     1     1
 -3.5461730006929981E-01 a       102     0     5     1     2
  9.7058247737147295E-03 a       103     0     5     1     3
  2.1808811060352995E+00 a       104     0     5     1     4
  3.2532651943880824E+00 a       105     0     5     1     5
 -6.9985263929423253E-02 a       106     0     5     1     6
 -7.1743353097292206E-01 a       107     0     5     1     7
 -5.6363916256839841E-01 a       108     0     5     1     8
  2.2388036205671997E+00 a       109     0     5     1     9
 -1.9298186252255949E+00 a       110     0     5     1    10
  3.3700627668268346E-01 a       111     0     5     1    11
  8.5147527526167321E-01 a       112     0     5     1    12
  1.1543774737073464E+00 a       113     0     5     1    13
  1.3560905595707460E+00 a       114     0     5     1    14
 -2.3253296583476204E+00 a       115     0     5     1    15
  2.3958414546001455E-01 a       116     0     5     1    16
  1.9030272658125382E+00 a       117     0     5     1    17
 -2.5284226735302018E+00 a       118     0     5     1    18
 -5.7852002022326376E-01 a       119     0     5     1    19
 -8.1223854267681950E-01 a       120     0     5     1    20
  1.4917031650669554E+00 a       121     0     5     1    21
 -1.4317118465524361E+00 a       122     0     5     1    22
 -5.4482318254562312E-01 a       123     0     5     1    23
 -2.3726737280603319E-01 a       124     0     5     1    24
  1.2911117596005681E+00 a       125     0     5     1    25
  2.2139515161012119E-01 a       126     0     6     1     1
 -4.8789062678974171E-01 a       127     0     6     1     2
 -1.2281756667670880E-01 a       128     0     6     1     3
  1.8886524364361597E+00 a       129     0     6     1     4
  2.8307226341094984E+00 a       130     0     6     1     5
 -1.5979841332491085E+00 a       131     0     6     1     6
 -8.7208403911047216E-01 a       132     0     6     1     7
  1.0529312637492555E-01 a       133     0     6     1     8
  2.3744853606174918E+00 a       134     0     6     1     9
 -2.1162285218591768E+00 a       135     0     6     1    10
 -4.8698404170189447E-01 a       136     0     6     1    11
 -5.4307490097439426E-01 a       137     0     6     1    12
  1.5336979575033569E+00 a       138     0     6     1    13
  1.7668575407374374E+00 a       139     0     6     1    14
 -1.3196445215525037E+00 a       140     0     6     1    15
  1.3420655507176107E-01 a       141     0     6     1    16
  2.7864843102112582E+00 a       142     0     6     1    17
 -3.2360325340874079E+00 a       143     0     6     1    18
 -7.5320814061188715E-03 a       144     0     6     1    19
 -1.3024601063404748E+00 a       145     0     6     1    20
  2.2941899204687468E+00 a       146     0     6     1    21
 -1.3470429887919486E+00 a       147     0     6     1    22
 -2.1125064096980650E+00 a       148     0     6     1    23
  9.3381130676006160E-02 a       149     0     6     1    24
  1.3281351441318874E+00 a       150     0     6     1    25
  4.0731387088636879E+00 a       151     0     7     1     1
 -5.0879095610463203E+00 a       152     0     7     1     2
  9.9087043147123544E-01 a       153     0     7     1     3
 -3.5770276785967947E-01 a       154     0     7     1     4
  6.1106030779710805E+00 a       155     0     7     1     5
  2.2020983931246159E+00 a       156     0     7     1     6
  2.2800468263808402E+00 a       157     0     7     1     7
  6.7210321801503126E+00 a       158     0     7     1     8
 -9.9249239841370329E-01 a       159     0     7     1     9
  3.0209748068521622E+00 a       160     0     7     1    10
 -9.3235349044396154E-01 a       161     0     7     1    11
 -9.0444529750261982E-01 a       162     0     7     1    12
 -1.0565183932106792E+00 a       163     0     7     1    13
 -7.1928058584374599E-01 a       164     0     7     1    14
  3.6543357824575446E+00 a       165     0     7     1    15
 -1.4673315927083808E+00 a       166     0     7     1    16
 -3.0469121587215781E-01 a       167     0     7     1    17
 -4.5450422850958363E+00 a       168     0     7     1    18
  3.0960795398681906E+00 a       169     0     7     1    19
  1.3052049365848331E+00 a       170     0     7     1    20
  1.5209770667559714E+00 a       171     0     7     1    21
  1.8713637766092281E+00 a       172     0     7     1    22
 -4.6502363731021079E+00 a       173     0     7     1    23
  1.5493652701988325E+00 a       174     0     7     1    24
  2.7595986888062689E-02 a       175     0     7     1    25
 -4.0276498348156062E+00 a       176     0     8     1     1
 -4.4468350180762473E+00 a       177     0     8     1     2
  3.3978273732570448E+00 a       178     0     8     1     3
  2.0550997520397538E+00 a       179     0     8     1     4
 -1.7799350034102259E-03 a       180     0     8     1     5
  8.6926522731434819E+00 a       181     0     8     1     6
 -1.0437926913588207E-01 a       182     0     8     1     7
  7.8029536591822135E-01 a       183     0     8     1     8
  3.8432510580711297E+00 a       184     0     8     1     9
  1.8712087168785887E+00 a       185     0     8     1    10
 -1.6968181510769396E+00 a       186     0     8     1    11
  2.1694269222223717E+01 a       187     0     8     1    12
 -2.1854122834771506E+00 a       188     0     8     1    13
 -1.2920618096546608E+01 a       189     0     8     1    14
 -5.9905167497564591E+00 a       190     0     8     1    15
  2.9707861430003288E+00 a       191     0     8     1    16
 -4.9833732497641128E+00 a       192     0     8     1    17
  4.3907671079414774E+00 a       193     0     8     1    18
 -2.1415501498407816E-01 a       194     0     8     1    19
 -2.3444089833406476E+00 a       195     0     8     1    20
 -3.8369007243011538E-01 a       196     0     8     1    21
 -1.2869912558098983E+01 a       197     0     8     1    22
  2.0695000385785414E+00 a       198     0     8     1    23
 -7.8511438869796946E-01 a       199     0     8     1    24
 -1.2621263928049706E+00 a       200     0     8     1    25
 -2.5711880512546275E+00 a       201     0     9     1     1
  4.5109743765863636E-01 a       202     0     9     1     2
 -1.4894322402005836E-01 a       203     0     9     1     3
  3.8040459555466364E+00 a       204     0     9     1     4
  4.1831512728480265E+00 a       205     0     9     1     5
  1.5865922290794525E+00 a       206     0     9     1     6
 -1.9120292477678327E-01 a       207     0     9     1     7
 -2.4965893814408355E+00 a       208     0     9     1     8
  2.4740019290462634E+00 a       209     0     9     1     9
 -2.0438379717422008E+00 a       210     0     9     1    10
  2.2364228484141231E+00 a       211     0     9     1    11
  4.5038538695543817E+00 a       212     0     9     1    12
  1.5765927284308578E+00 a       213     0     9     1    13
  1.1145462969529940E+00 a       214     0     9     1    14
 -3.0229868478812199E+00 a       215     0     9     1    15
  1.4297038750563575E+00 a       216     0     9     1    16
  1.7618602344492440E+00 a       217     0     9     1    17
 -6.0712274201967231E-01 a       218     0     9     1    18
 -2.2268465198567089E+00 a       219     0     9     1    19
 -8.7833578133271556E-02 a       220     0     9     1    20
  2.4152875596896459E-01 a       221     0     9     1    21
 -8.7937581374711182E-01 a       222     0     9     1    22
  1.5976739179993698E+00 a       223     0     9     1    23
 -2.6928772946333068E-01 a       224     0     9     1    24
  1.0391476952738927E+00 a       225     0     9     1    25
 -2.0750982530160075E-01 a       226     0    10     1     1
 -1.3296593549698184E+00 a       227     0    10     1     2
  6.5276047660418091E-01 a       228     0    10     1     3
  7.0002070944160233E-01 a       229     0    10     1     4
  1.9915506561270311E+00 a       230     0    10     1     5
 -3.5165729546791896E-01 a       231     0    10     1     6
  2.1775639898755133E+00 a       232     0    10     1     7
 -3.2507100790680948E-01 a       233     0    10     1     8
 -1.8762805055333325E+00 a       234     0    10     1     9
  1.4720210773466951E+00 a       235     0    10     1    10
  8.5619977670456038E-01 a       236     0    10     1    11
 -6.0331441480528749E+00 a       237     0    10     1    12
 -8.1305482456622580E-01 a       238     0    10     1    13
  2.0157064149015915E+00 a       239     0    10     1    14
  9.4655105493946734E-01 a       240     0    10     1    15
  4.5120642007137973E-02 a       241     0    10     1    16
  1.8983583877726389E+00 a       242     0    10     1    17
 -2.2126517014078408E+00 a       243     0    10     1    18
  1.6666551530639186E+00 a       244     0    10     1    19
  3.4542196962303068E-01 a       245     0    10     1    20
 -7.5517616255996500E-01 a       246     0    10     1    21
  1.0299410979699724E+00 a       247     0    10     1    22
 -2.1248952722171235E+00 a       248     0    10     1    23
  9.1148256704480068E-01 a       249     0    10     1    24
 -4.0552324341417434E-01 a       250     0    10     1    25
 -2.8570693127188287E+00 a       251     0    11     1     1
  5.2813908357810737E+00 a       252     0    11     1     2
 -2.2512611985075215E+00 a       253     0    11     1     3
 -1.9303433182787672E-01 a       254     0    11     1     4
 -4.2878231494033932E+00 a       255     0    11     1     5
 -6.2715483120987621E+00 a       256     0    11     1     6
 -2.0653318794338585E-01 a       257     0    11     1     7
 -6.9935751761409444E+00 a       258     0    11     1     8
 -1.8540518494324050E+00 a       259     0    11     1     9
 -3.0282740804502399E+00 a       260     0    11     1    10
  2.9256077000086916E-01 a       261     0    11     1    11
 -1.5837379988608486E+01 a       262     0    11     1    12
 -4.0115800246172312E-01 a       263     0    11     1    13
  7.9066887157199099E+00 a       264     0    11     1    14
  2.3741069197966161E-01 a       265     0    11     1    15
  4.1236733250418245E-01 a       266     0    11     1    16
  6.1781731514949820E+00 a       267     0    11     1    17
  4.5016989101316351E-01 a       268     0    11     1    18
 -1.0012771682345238E+00 a       269     0    11     1    19
 -9.4874659572539233E-01 a       270     0    11     1    20
 -1.7485219168321482E+00 a       271     0    11     1    21
  5.3893147572354660E+00 a       272     0    11     1    22
 -1.3459491508075377E-01 a       273     0    11     1    23
 -4.9592634080527537E-01 a       274     0    11     1    24
 -2.9892887733661511E-01 a       275     0    11     1    25
  5.3893700368340873E+00 a       276     0    12     1     1
 -8.0800766460623552E-01 a       277     0    12     1     2
  8.3650106252183831E-01 a       278     0    12     1     3
 -2.9068305163265968E+00 a       279     0    12     1     4
 -1.0228803281599934E+00 a       280     0    12     1     5
 -1.2046870471299478E+00 a       281     0    12     1     6
  1.5704701722066596E+00 a       282     0    12     1     7
  1.1994595535601593E+00 a       283     0    12     1     8
 -1.8263824778052575E+00 a       284     0    12     1     9
  3.0132840238978886E+00 a       285     0    12     1    10
  9.9906462633126270E-01 a       286     0    12     1    11
 -6.1707466215679734E+00 a       287     0    12     1    12
  1.2314709586864394E+00 a       288     0    12     1    13
  3.1343560670813337E+00 a       289     0    12     1    14
  6.2391181596065326E-01 a       290     0    12     1    15
 -1.9572772556312408E+00 a       291     0    12     1    16
 -1.0612804832409650E+00 a       292     0    12     1    17
 -1.4969147261479221E+00 a       293     0    12     1    18
  2.4258679567174108E+00 a       294     0    12     1    19
  2.0677986892506492E-01 a       295     0    12     1    20
  5.9094237249491921E-01 a       296     0    12     1    21
  1.9901852512004579E+00 a       297     0    12     1    22
  1.7905752254805436E+00 a       298     0    12     1    23
  1.0964964656411751E+00 a       299     0    12     1    24
  1.5896990167567571E+00 a       300     0    12     1    25
  4.5569279901988375E+00 a       301     0    13     1     1
 -2.9314746673166991E-01 a       302     0    13     1     2
 -4.5253503692812949E+00 a       303     0    13     1     3
 -2.5036933650794713E+00 a       304     0    13     1     4
 -1.5649480023945634E+00 a       305     0    13     1     5
  3.1563231805078749E+00 a       306     0    13     1     6
 -3.4785267154241947E-02 a       307     0    13     1     7
  1.0091994402091451E+00 a       308     0    13     1     8
 -1.6441240979971272E+00 a       309     0    13     1     9
  6.0766347668299607E+00 a       310     0    13     1    10
 -5.2573835147705250E-01 a       311     0    13     1    11
 -1.6363833648356282E-01 a       312     0    13     1    12
  2.1370768344489180E-01 a       313     0    13     1    13
 -1.1770313338456855E+00 a       314     0    13     1    14
 -9.6412660375644788E-01 a       315     0    13     1    15
 -1.5745276019643444E+00 a       316     0    13     1    16
 -3.0176113798849511E+00 a       317     0    13     1    17
  1.7638745827024336E+00 a       318     0    13     1    18
 -1.4949386029522973E+00 a       319     0    13     1    19
  2.5122803018664692E+00 a       320     0    13     1    20
 -7.5008151719524463E-01 a       321     0    13     1    21
  6.1309847370412243E+00 a       322     0    13     1    22
  3.4416868574582731E+00 a       323     0    13     1    23
 -3.3349788026398337E+00 a       324     0    13     1    24
  7.4999501075487962E-01 a       325     0    13     1    25
  3.6633358243950433E+00 a       326     0    14     1     1
 -7.6597524250787563E-01 a       327     0    14     1     2
 -2.3618593980080398E+00 a       328     0    14     1     3
 -3.9068085235446932E+00 a       329     0    14     1     4
  3.0459855515466949E-01 a       330     0    14     1     5
 -1.8696027953559222E+00 a       331     0    14     1     6
 -1.9477353367847421E+00 a       332     0    14     1     7
  2.2355166665248150E+00 a       333     0    14     1     8
  3.6947374291237423E-01 a       334     0    14     1     9
 -2.3580286157167376E+00 a       335     0    14     1    10
  8.6550960405930510E-01 a       336     0    14     1    11
  2.1833685504715055E+00 a       337     0    14     1    12
  6.2844291746681447E-01 a       338     0    14     1    13
  1.7435980208167094E+00 a       339     0    14     1    14
  1.4572049713772635E+00 a       340     0    14     1    15
 -3.2931420640347564E-01 a       341     0    14     1    16
  9.3081251515234931E-01 a       342     0    14     1    17
 -2.8052988026636445E+00 a       343     0    14     1    18
 -4.4038265373123325E-01 a       344     0    14     1    19
 -1.4235819887401560E+00 a       345     0    14     1    20
  2.7682350718207198E+00 a       346     0    14     1    21
  3.8083616889252987E+00 a       347     0    14     1    22
  4.3977288165327960E-01 a       348     0    14     1    23
  1.9900152669493374E+00 a       349     0    14     1    24
  1.0494617824546064E+00 a       350     0    14     1    25
  1.8901021730985153E+01 a       351     0    15     1     1
 -1.4824337201929800E+00 a       352     0    15     1     2
 -2.8195452445863456E+00 a       353     0    15     1     3
 -5.3415172509245572E+00 a       354     0    15     1     4
  4.8890648007641918E-01 a       355     0    15     1     5
 -4.9406225233800329E+00 a       356     0    15     1     6
 -2.5646124439221194E+00 a       357     0    15     1     7
 -3.1242240137506978E+00 a       358     0    15     1     8
 -4.8267954977822605E+00 a       359     0    15     1     9
 -7.5974719046338479E-01 a       360     0    15     1    10
 -1.9884291445276843E+00 a       361     0    15     1    11
 -2.1552283393814140E+01 a       362     0    15     1    12
 -2.4456487932333122E+00 a       363     0    15     1    13
  9.0630885013690410E+00 a       364     0    15     1    14
 -5.9343310701044127E-01 a       365     0    15     1    15
 -2.2998491475633998E+00 a       366     0    15     1    16
  5.0878200304886905E+00 a       367     0    15     1    17
 -8.3056256456382407E+00 a       368     0    15     1    18
  1.6608545982099773E-01 a       369     0    15     1    19
 -1.7219705986881487E-01 a       370     0    15     1    20
  1.0324821368841013E+00 a       371     0    15     1    21
  6.2062543799811971E+00 a       372     0    15     1    22
 -6.4842929987998179E+00 a       373     0    15     1    23
 -3.3867456419058817E-01 a       374     0    15     1    24
  7.2710783538886261E+00 a       375     0    15     1    25
 -1.1622515749232200E+01 a       376     0    16     1     1
  1.4141087676071364E+00 a       377     0    16     1     2
  6.7324896509263050E+00 a       378     0    16     1     3
  3.6161404033701161E+00 a       379     0    16     1     4
  1.4439821651125709E-01 a       380     0    16     1     5
  1.3453582396963908E+00 a       381     0    16     1     6
  3.3668174419158654E+00 a       382     0    16     1     7
  1.1277673614926453E+00 a       383     0    16     1     8
  2.6514802044649239E+00 a       384     0    16     1     9
 -1.9259550613499861E+00 a       385     0    16     1    10
  1.1791115400087002E+00 a       386     0    16     1    11
  6.0684737668452513E+00 a       387     0    16     1    12
  6.9648927289880280E-01 a       388     0    16     1    13
 -2.2935599992727620E+00 a       389     0    16     1    14
  3.9404550775878380E+00 a       390     0    16     1    15
  8.9115699201064957E-01 a       391     0    16     1    16
 -1.8027937751717980E+00 a       392     0    16     1    17
  2.7188071674331957E+00 a       393     0    16     1    18
  4.4435227125130938E-01 a       394     0    16     1    19
 -2.2322920721180530E+00 a       395     0    16     1    20
 -1.0392620260122174E+00 a       396     0    16     1    21
 -5.0119889967690039E+00 a       397     0    16     1    22
  1.4161489699397005E+00 a       398     0    16     1    23
  3.5333937971269491E+00 a       399     0    16     1    24
 -4.3351821603577392E+00 a       400     0    16     1    25
 -5.2515599418587948E+00 a       401     0    17     1     1
  6.9299841091987202E-01 a       402     0    17     1     2
  8.0424264784011723E-01 a       403     0    17     1     3
  1.3589083553723771E+00 a       404     0    17     1     4
 -3.5112530820672450E-01 a       405     0    17     1     5
  8.0153206130595800E-01 a       406     0    17     1     6
  6.4841773264714742E-01 a       407     0    17     1     7
 -4.1823939911240095E-02 a       408     0    17     1     8
  9.7647726442412863E-01 a       409     0    17     1     9
  4.7951213071743587E-01 a       410     0    17     1    10
  7.6199815195083775E-01 a       411     0    17     1    11
  4.8652372462851412E+00 a       412     0    17     1    12
  1.1938501722439129E-01 a       413     0    17     1    13
 -2.3842283586102773E+00 a       414     0    17     1    14
  1.1237866591240728E+00 a       415     0    17     1    15
  2.6318093422929206E-01 a       416     0    17     1    16
 -1.4386360250676258E+00 a       417     0    17     1    17
  2.0278755730464630E+00 a       418     0    17     1    18
 -4.9937002253198248E-01 a       419     0    17     1    19
  1.1445078178437461E-01 a       420     0    17     1    20
 -2.8257003665222342E-02 a       421     0    17     1    21
 -1.6041517203357503E+00 a       422     0    17     1    22
  1.8646716945116968E+00 a       423     0    17     1    23
  2.8682726808585957E-01 a       424     0    17     1    24
 -1.3579964246899767E+00 a       425     0    17     1    25
 -1.1858640205951261E+01 a       426     0    18     1     1
  3.0142669819016188E-01 a       427     0    18     1     2
  2.6654725175258159E-01 a       428     0    18     1     3
  3.9155466279928381E+00 a       429     0    18     1     4
  7.3152895377793248E-01 a       430     0    18     1     5
  3.2151345279555525E+00 a       431     0    18     1     6
  6.0379035208222964E-01 a       432     0    18     1     7
  2.2917341539356548E+00 a       433     0    18     1     8
  3.2714912486473580E+00 a       434     0    18     1     9
  2.3584769038641662E-01 a       435     0    18     1    10
  5.3166926640514645E-01 a       436     0    18     1    11
  1.2159797845474808E+01 a       437     0    18     1    12
  2.3949878734296076E-01 a       438     0    18     1    13
 -4.9772887021931984E+00 a       439     0    18     1    14
 -2.9445586080839083E+00 a       440     0    18     1    15
  2.6603590325713204E+00 a       441     0    18     1    16
 -2.8810658214551816E+00 a       442     0    18     1    17
  6.1515918448820361E+00 a       443     0    18     1    18
  1.3843038313263312E+00 a       444     0    18     1    19
  1.1073920058889151E+00 a       445     0    18     1    20
 -6.4189152036060881E-01 a       446     0    18     1    21
 -3.5031534641069735E+00 a       447     0    18     1    22
  2.7551290159004300E+00 a       448     0    18     1    23
 -1.4244666353997322E+00 a       449     0    18     1    24
 -5.7785209265132904E+00 a       450     0    18     1    25
  5.7982912802229400E-03 a       451     0    19     1     1
 -1.0627119043627089E+00 a       452     0    19     1     2
  1.0690963051246269E+00 a       453     0    19     1     3
 -1.7063505765886947E-01 a       454     0    19     1     4
  1.1584340515493055E+00 a       455     0    19     1     5
 -1.0870293091866383E+00 a       456     0    19     1     6
  5.3895389565937013E-01 a       457     0    19     1     7
 -3.1429038612080362E-01 a       458     0    19     1     8
 -9.4050850573541026E-02 a       459     0    19     1     9
 -2.4143000543155507E-01 a       460     0    19     1    10
 -2.3465760921392475E-02 a       461     0    19     1    11
 -4.9139555402672291E-01 a       462     0    19     1    12
 -1.9663498977175661E-01 a       463     0    19     1    13
 -3.1299266062086406E-01 a       464     0    19     1    14
  1.1646418693887977E+00 a       465     0    19     1    15
 -6.7840291419932663E-01 a       466     0    19     1    16
 -1.4824372060000815E-01 a       467     0    19     1    17
  1.0441967295056802E+00 a       468     0    19     1    18
  4.1787926795250385E-01 a       469     0    19     1    19
  1.5507289872124641E-01 a       470     0    19     1    20
 -6.5770489672026966E-01 a       471     0    19     1    21
 -5.4451915359452696E-01 a       472     0    19     1    22
 -7.5958567142966937E-01 a       473     0    19     1    23
  7.3869123897847755E-01 a       474     0    19     1    24
 -8.0400226824224619E-01 a       475     0    19     1    25
 -5.7907466657370477E-01 a       476     0    20     1     1
  1.2634927193268304E+00 a       477     0    20     1     2
 -1.7917074284083332E+00 a       478     0    20     1     3
  8.9746440900608981E-01 a       479     0    20     1     4
 -9.9312800750219943E-01 a       480     0    20     1     5
  1.4106646023611991E-01 a       481     0    20     1     6
  4.6321328749312218E-01 a       482     0    20     1     7
  1.5734118850179182E+00 a       483     0    20     1     8
 -3.4025281810680741E+00 a       484     0    20     1     9
  4.6453048972942967E-01 a       485     0    20     1    10
  1.3131417921257785E-01 a       486     0    20     1    11
  5.3118566103529985E-01 a       487     0    20     1    12
  4.3544192222520711E-01 a       488     0    20     1    13
 -6.2312165322964697E-01 a       489     0    20     1    14
  3.2446052875501069E-01 a       490     0    20     1    15
  9.4228091151641402E-01 a       491     0    20     1    16
  7.3559389382457507E-01 a       492     0    20     1    17
 -4.4066868741538462E-01 a       493     0    20     1    18
  3.4636038163471528E-01 a       494     0    20     1    19
  7.5473924132836379E-01 a       495     0    20     1    20
  1.7650994984647653E-01 a       496     0    20     1    21
  2.8099763275570999E-01 a       497     0    20     1    22
  6.1429373707036528E-01 a       498     0    20     1    23
  4.1417852317188009E-01 a       499     0    20     1    24
  6.2938196103705324E-01 a       500     0    20     1    25
  4.3984863185504591E-01 a       501     0    21     1     1
 -3.2667648423435225E-01 a       502     0    21     1     2
  2.2102219080171198E-01 a       503     0    21     1     3
  3.2021178645009836E+00 a       504     0    21     1     4
  8.7272009770877934E-01 a       505     0    21     1     5
 -3.0918245850582804E+00 a       506     0    21     1     6
 -1.3977057389366534E+00 a       507     0    21     1     7
 -1.6604375177066693E+00 a       508     0    21     1     8
  1.4364494405071628E+00 a       509     0    21     1     9
 -2.7707930429598395E+00 a       510     0    21     1    10
 -5.8299971743027534E-01 a       511     0    21     1    11
 -2.3795580075290501E+00 a       512     0    21     1    12
 -6.4372149589839467E-01 a       513     0    21     1    13
 -4.4435597401904996E+00 a       514     0    21     1    14
 -1.2853555988992924E+00 a       515     0    21     1    15
  7.5382619705087317E-01 a       516     0    21     1    16
 -3.4475895859668015E+00 a       517     0    21     1    17
  1.0350526488204401E+00 a       518     0    21     1    18
 -2.9345283846375303E-01 a       519     0    21     1    19
 -3.4197997686408084E-02 a       520     0    21     1    20
  1.9824856099101686E+00 a       521     0    21     1    21
  4.4665340641421414E-01 a       522     0    21     1    22
  2.7380755919568136E+00 a       523     0    21     1    23
 -4.9661630567735715E+00 a       524     0    21     1    24
 -4.6150841808833343E-01 a       525     0    21     1    25
  2.2587157398213076E-01 a       526     0    22     1     1
 -1.2134917350384968E+00 a       527     0    22     1     2
 -6.7620038263273718E-01 a       528     0    22     1     3
 -2.2754805718022214E-01 a       529     0    22     1     4
  5.6514723506977255E-02 a       530     0    22     1     5
  1.0138721490013665E+00 a       531     0    22     1     6
  3.8002562731258141E-02 a       532     0    22     1     7
 -9.9555060415271257E-01 a       533     0    22     1     8
 -5.6553253581852603E-01 a       534     0    22     1     9
  9.4794608680780057E-01 a       535     0    22     1    10
  1.4618063896395761E+00 a       536     0    22     1    11
  3.5436867028528712E-01 a       537     0    22     1    12
  5.3796721887476995E-01 a       538     0    22     1    13
  1.3419594929637317E+00 a       539     0    22     1    14
  5.6688711076692544E-01 a       540     0    22     1    15
 -1.0505353192992148E+00 a       541     0    22     1    16
 -4.5544661296075123E-01 a       542     0    22     1    17
  2.8695237750865266E-01 a       543     0    22     1    18
 -2.8462005345483560E-01 a       544     0    22     1    19
 -1.0423436992668691E+00 a       545     0    22     1    20
  2.2826393978200663E+00 a       546     0    22     1    21
 -1.0835863644227428E+00 a       547     0    22     1    22
 -1.9352973249155894E+00 a       548     0    22     1    23
 -9.3286593812450680E-01 a       549     0    22     1    24
  5.5295998416781555E-01 a       550     0    22     1    25
  1.6735473916093431E+00 a       551     0    23     1     1
 -1.8133213618770680E+00 a       552     0    23     1     2
 -7.7227661133961323E-01 a       553     0    23     1     3
  2.7357983765679803E+00 a       554     0    23     1     4
  1.5287238688410979E-02 a       555     0    23     1     5
  5.1444254220325255E-03 a       556     0    23     1     6
  7.7071007965437677E-01 a       557     0    23     1     7
  2.7576531994719251E+00 a       558     0    23     1     8
 -1.3103838592254313E+00 a       559     0    23     1     9
 -2.3218990820964609E+00 a       560     0    23     1    10
 -3.5135159033360366E+00 a       561     0    23     1    11
  1.6679239222186772E+00 a       562     0    23     1    12
 -1.7413929878424468E+00 a       563     0    23     1    13
  3.9788885102403770E-01 a       564     0    23     1    14
  2.6217288739126507E+00 a       565     0    23     1    15
  3.1467431553543181E+00 a       566     0    23     1    16
 -4.7503026904695161E-01 a       567     0    23     1    17
 -4.3229641593810447E-01 a       568     0    23     1    18
 -4.1717062455364466E+00 a       569     0    23     1    19
  1.7673737717969640E-01 a       570     0    23     1    20
 -1.5958493061385080E+00 a       571     0    23     1    21
  6.3405877665973609E-01 a       572     0    23     1    22
 -1.2875210526984935E+00 a       573     0    23     1    23
  3.5468954818229328E+00 a       574     0    23     1    24
 -5.2501770613085164E+00 a       575     0    23     1    25
  9.9133030698369851E-01 a       576     0    24     1     1
  4.7608480658839908E-01 a       577     0    24     1     2
 -1.0414078975549395E+00 a       578     0    24     1     3
 -1.9719019456022610E-01 a       579     0    24     1     4
 -4.3631895844567381E-01 a       580     0    24     1     5
  3.2200931008869699E-01 a       581     0    24     1     6
  9.9679414613638440E-01 a       582     0    24     1     7
  2.6134878545578175E+00 a       583     0    24     1     8
 -3.4061369547535887E+00 a       584     0    24     1     9
 -1.8280180282705238E+00 a       585     0    24     1    10
 -4.2351781727873061E-01 a       586     0    24     1    11
  2.6760366831312377E+00 a       587     0    24     1    12
 -1.3768225511575920E+00 a       588     0    24     1    13
 -4.4817073795906930E-02 a       589     0    24     1    14
 -1.6229855330076752E+00 a       590     0    24     1    15
  3.8660051288430364E-01 a       591     0    24     1    16
 -6.8963969323594299E-01 a       592     0    24     1    17
 -1.2878239320038878E+00 a       593     0    24     1    18
 -3.0718481923050707E+00 a       594     0    24     1    19
 -9.8393817659708060E-01 a       595     0    24     1    20
 -2.6483047794786629E-01 a       596     0    24     1    21
  2.2739595778008950E-01 a       597     0    24     1    22
  1.6298948459021683E+00 a       598     0    24     1    23
  2.7517463861370874E+00 a       599     0    24     1    24
 -1.9697087128583415E+00 a       600     0    24     1    25
  2.1844492816053387E-01 a       601     0    25     1     1
 -1.6972076488045753E+00 a       602     0    25     1     2
  5.6909696890985528E-01 a       603     0    25     1     3
  3.2478528398360240E-01 a       604     0    25     1     4
  8.5891769298631154E-02 a       605     0    25     1     5
 -5.1082603481290989E-01 a       606     0    25     1     6
  1.9650024159234183E-01 a       607     0    25     1     7
  8.1971601355901902E-01 a       608     0    25     1     8
  1.5269587167880516E+00 a       609     0    25     1     9
 -3.9293614008448835E-01 a       610     0    25     1    10
 -3.3538876655631178E+00 a       611     0    25     1    11
 -7.7737431811142732E-01 a       612     0    25     1    12
 -1.0698370708974898E+00 a       613     0    25     1    13
  3.3556949290807442E-01 a       614     0    25     1    14
  3.7522234084917603E+00 a       615     0    25     1    15
  1.3255728049992641E+00 a       616     0    25     1    16
 -5.1000411384295974E-01 a       617     0    25     1    17
  1.3235892327212813E+00 a       618     0    25     1    18
 -2.1829266709265656E+00 a       619     0    25     1    19
  6.6914385884532612E-01 a       620     0    25     1    20
 -5.8925424340742882E-01 a       621     0    25     1    21
 -9.2335966110226342E-01 a       622     0    25     1    22
 -1.5158530227593467E+00 a       623     0    25     1    23
  3.0382791651128733E+00 a       624     0    25     1    24
 -3.0277895333065663E+00 a       625     0    25     1    25
  1.2950314519329462E-01 a       626     0    26     1     1
  1.2577458069279466E+00 a       627     0    26     1     2
 -7.0501643580579754E-01 a       628     0    26     1     3
 -1.8565967640507957E+00 a       629     0    26     1     4
 -8.2282206451861772E-01 a       630     0    26     1     5
  1.1864624397279050E-01 a       631     0    26     1     6
  1.0027794618301837E+00 a       632     0    26     1     7
  1.2665692022421333E+00 a       633     0    26     1     8
 -2.9837555830796552E+00 a       634     0    26     1     9
 -1.0322715414592034E+00 a       635     0    26     1    10
  2.2369540961586859E-01 a       636     0    26     1    11
  1.8928010831399718E+00 a       637     0    26     1    12
 -7.9542356142825932E-01 a       638     0    26     1    13
 -7.9554585026541613E-02 a       639     0    26     1    14
 -2.3120362353410164E+00 a       640     0    26     1    15
 -1.5219365718151483E+00 a       641     0    26     1    16
 -1.2262285100995378E-01 a       642     0    26     1    17
 -8.8648675563155932E-01 a       643     0    26     1    18
 -2.0113058914348425E+00 a       644     0    26     1    19
 -9.1753590171337329E-01 a       645     0    26     1    20
  4.3770015278298668E-01 a       646     0    26     1    21
 -8.2845296539354718E-01 a       647     0    26     1    22
  2.1864158717377631E+00 a       648     0    26     1    23
  2.0109757508690778E+00 a       649     0    26     1    24
  1.5808698038994420E-01 a       650     0    26     1    25
 -1.9320036440613493E+00 a       651     0    27     1     1
  2.4013615770428745E+00 a       652     0    27     1     2
  1.6709497868772170E+00 a       653     0    27     1     3
 -5.1435771384120912E+00 a       654     0    27     1     4
 -1.3649606467776796E+00 a       655     0    27     1     5
 -2.0230365447439480E+00 a       656     0    27     1     6
 -1.5570325238844385E+00 a       657     0    27     1     7
 -6.0185002647422725E-01 a       658     0    27     1     8
 -8.8823767382860153E-01 a       659     0    27     1     9
  7.5733362782796532E-01 a       660     0    27     1    10
 -2.3798718230362530E+00 a       661     0    27     1    11
 -2.8478949608849008E-01 a       662     0    27     1    12
 -8.4327821877290021E-01 a       663     0    27     1    13
 -5.1347022587640245E-01 a       664     0    27     1    14
 -3.8704099315539747E-01 a       665     0    27     1    15
 -3.5232262249899540E+00 a       666     0    27     1    16
  4.7167133934748218E-01 a       667     0    27     1    17
  1.6592495258025297E+00 a       668     0    27     1    18
 -1.5118699950431156E+00 a       669     0    27     1    19
 -1.8540344651816199E-01 a       670     0    27     1    20
  2.8142038595322809E+00 a       671     0    27     1    21
 -3.9112400659736348E+00 a       672     0    27     1    22
  9.1458360156239593E-01 a       673     0    27     1    23
  1.4202136201389202E+00 a       674     0    27     1    24
  3.0813513767041956E+00 a       675     0    27     1    25
 -6.5287748212713625E-01 a       676     0    28     1     1
  1.1856835933990439E+00 a       677     0    28     1     2
  3.9958240997994854E-01 a       678     0    28     1     3
 -2.6511916107019444E+00 a       679     0    28     1     4
 -4.9955449460230938E-01 a       680     0    28     1     5
 -5.6009692009905043E-01 a       681     0    28     1     6
  7.6802394018803810E-01 a       682     0    28     1     7
  6.4724133167154518E-01 a       683     0    28     1     8
 -8.2936369151961742E-01 a       684     0    28     1     9
 -3.8196223224496217E-01 a       685     0    28     1    10
  4.9508788828397360E-01 a       686     0    28     1    11
  9.1146599184826704E-01 a       687     0    28     1    12
 -2.9372975368216508E-01 a       688     0    28     1    13
  4.5153408974880105E-01 a       689     0    28     1    14
 -1.4418668637609999E+00 a       690     0    28     1    15
 -1.8121235572013858E+00 a       691     0    28     1    16
  4.4100572417209466E-02 a       692     0    28     1    17
  2.0925760551101849E-01 a       693     0    28     1    18
 -6.9463698019050957E-01 a       694     0    28     1    19
 -9.7493615921397297E-02 a       695     0    28     1    20
  5.1820963876491488E-01 a       696     0    28     1    21
 -1.1265665416370054E+00 a       697     0    28     1    22
  1.7428916731074660E+00 a       698     0    28     1    23
  8.5429616952738618E-01 a       699     0    28     1    24
  9.1852866008704481E-01 a       700     0    28     1    25
  9.6686413080624189E-01 a       701     0    29     1     1
 -3.8052063338147030E-01 a       702     0    29     1     2
 -2.3743765666070238E+00 a       703     0    29     1     3
  2.7424320955237289E+00 a       704     0    29     1     4
  6.3848103385658594E-01 a       705     0    29     1     5
  1.7959951201618591E+00 a       706     0    29     1     6
 -1.8378114507291821E-01 a       707     0    29     1     7
 -1.4813568113850786E-01 a       708     0    29     1     8
  7.6206830732659506E-02 a       709     0    29     1     9
 -2.7768260472610468E-01 a       710     0    29     1    10
  2.6183439932474739E+00 a       711     0    29     1    11
  6.3588241674751944E-01 a       712     0    29     1    12
  6.0800139953276600E-01 a       713     0    29     1    13
 -4.8393131677982794E-02 a       714     0    29     1    14
 -1.3652786196173443E+00 a       715     0    29     1    15
  2.3075909204594782E+00 a       716     0    29     1    16
  6.4762900408790278E-02 a       717     0    29     1    17
 -1.9478716244548644E+00 a       718     0    29     1    18
  1.0498568106230706E+00 a       719     0    29     1    19
 -4.8785993173000397E-01 a       720     0    29     1    20
 -1.0360402831457622E+00 a       721     0    29     1    21
  2.6286704737747821E+00 a       722     0    29     1    22
 -7.4831269430307645E-01 a       723     0    29     1    23
 -2.4995409453439201E+00 a       724     0    29     1    24
 -3.2226092031263381E-01 a       725     0    29     1    25
  2.7298896689460045E-01 a       726     0    30     1     1
 -1.7795532734450095E+00 a       727     0    30     1     2
  3.7951921575966052E-01 a       728     0    30     1     3
  7.2702580714488374E-01 a       729     0    30     1     4
  1.3524992405945357E+00 a       730     0    30     1     5
  1.1482360776981029E+00 a       731     0    30     1     6
  1.7345832958261485E+00 a       732     0    30     1     7
 -2.6570821962556224E-01 a       733     0    30     1     8
  3.9810323134387855E+00 a       734     0    30     1     9
  4.2281633429282017E-01 a       735     0    30     1    10
  9.9370380898995470E-01 a       736     0    30     1    11
 -7.2547873442628708E-01 a       737     0    30     1    12
  8.1089059441712119E-01 a       738     0    30     1    13
  2.3340961014442381E+00 a       739     0    30     1    14
  1.8760805829632761E+00 a       740     0    30     1    15
  2.1666718204259050E+00 a       741     0    30     1    16
  2.4259732393193981E-01 a       742     0    30     1    17
  6.8623599261395485E-01 a       743     0    30     1    18
  1.8094157384554472E+00 a       744     0    30     1    19
  4.8276459604437294E-01 a       745     0    30     1    20
 -2.7155770502037471E+00 a       746     0    30     1    21
  2.0779200327252147E+00 a       747     0    30     1    22
 -9.0618805423640303E-01 a       748     0    30     1    23
 -2.7546809776871595E-01 a       749     0    30     1    24
 -1.8186602019242197E+00 a       750     0    30     1    25
 -1.5509676472176932E+00 a       751     0    31     1     1
  2.3883418232711331E-01 a       752     0    31     1     2
  2.2043371792927293E+00 a       753     0    31     1     3
 -1.8251002094441848E+00 a       754     0    31     1     4
 -5.0395252915646775E+00 a       755     0    31     1     5
 -3.6643258530454235E+00 a       756     0    31     1     6
 -1.9746982518416303E+00 a       757     0    31     1     7
 -1.9062726376925756E+00 a       758     0    31     1     8
  5.1081718864600512E-01 a       759     0    31     1     9
 -8.3634172789280659E-01 a       760     0    31     1    10
  1.0652314509841577E+01 a       761     0    31     1    11
 -1.6173510006673646E+00 a       762     0    31     1    12
  3.2205058578784125E+00 a       763     0    31     1    13
  3.6322527064129511E+00 a       764     0    31     1    14
 -2.8891129295893792E+00 a       765     0    31     1    15
 -6.1184565001973723E-01 a       766     0    31     1    16
 -4.9742048642691952E+00 a       767     0    31     1    17
  1.0412800166112575E+00 a       768     0    31     1    18
  1.3346722656178876E+01 a       769     0    31     1    19
 -5.9683914731771937E-01 a       770     0    31     1    20
  1.9393521925214863E+00 a       771     0    31     1    21
  1.6110561317779855E+00 a       772     0    31     1    22
  4.0136251875589846E+00 a       773     0    31     1    23
 -4.7814172325746203E+00 a       774     0    31     1    24
  5.0883599440696639E+00 a       775     0    31     1    25
  2.1355228750673048E+00 a       776     0    32     1     1
  2.7491554026057576E+00 a       777     0    32     1     2
  2.6510451318561595E-01 a       778     0    32     1     3
  2.4717271055310448E+00 a       779     0    32     1     4
  2.2366419143476906E+00 a       780     0    32     1     5
 -1.0745995397192873E+00 a       781     0    32     1     6
  2.5768103060576530E+00 a       782     0    32     1     7
  1.3185844744340880E+00 a       783     0    32     1     8
 -5.5759840686068562E-01 a       784     0    32     1     9
  3.2215456626829426E+00 a       785     0    32     1    10
  1.4877771078150606E+00 a       786     0    32     1    11
 -4.4527784134909243E-01 a       787     0    32     1    12
  9.8537089876262507E-01 a       788     0    32     1    13
  7.7492049166258559E-01 a       789     0    32     1    14
 -2.9634313842262787E+00 a       790     0    32     1    15
 -5.0438069694015286E-01 a       791     0    32     1    16
 -5.6933140732961423E-05 a       792     0    32     1    17
 -8.5676646787648769E-01 a       793     0    32     1    18
 -6.3379255232926845E-01 a       794     0    32     1    19
  1.1804968053259863E+00 a       795     0    32     1    20
 -1.3846140728151046E+00 a       796     0    32     1    21
 -1.6081292259471933E+00 a       797     0    32     1    22
  8.4621256739134199E-01 a       798     0    32     1    23
 -1.8948479171370809E+00 a       799     0    32     1    24
  3.3865809738162156E+00 a       800     0    32     1    25
 -4.3308639943270316E-01 a       801     0    33     1     1
 -1.0980558736015742E+00 a       802     0    33     1     2
  1.4800509741417593E+00 a       803     0    33     1     3
 -2.4515874556969250E+00 a       804     0    33     1     4
  4.2864302722107277E-02 a       805     0    33     1     5
  1.8498810016761114E+00 a       806     0    33     1     6
 -1.3054243729435577E-01 a       807     0    33     1     7
 -2.6634404624687509E+00 a       808     0    33     1     8
  1.7972735790059540E+00 a       809     0    33     1     9
 -1.8569244079632758E+00 a       810     0    33     1    10
 -2.0573705475373535E-01 a       811     0    33     1    11
 -1.3385350746141731E+00 a       812     0    33     1    12
  1.2909433951716137E-01 a       813     0    33     1    13
 -1.5457204224985246E-01 a       814     0    33     1    14
  4.2336447312115194E-01 a       815     0    33     1    15
  3.5005373913734478E-01 a       816     0    33     1    16
 -2.1556407944922782E+00 a       817     0    33     1    17
 -6.6751843058572888E-02 a       818     0    33     1    18
 -1.6629391250843323E-01 a       819     0    33     1    19
 -1.2207573893025701E+00 a       820     0    33     1    20
  5.6186663733471953E-01 a       821     0    33     1    21
  5.4369553569883222E-01 a       822     0    33     1    22
 -1.6462340439840750E+00 a       823     0    33     1    23
 -1.8795738656506000E+00 a       824     0    33     1    24
 -2.3346447140695910E+00 a       825     0    33     1    25
 -2.2867261861354367E+00 a       826     0    34     1     1
 -2.5413119860665906E-01 a       827     0    34     1     2
 -4.9850870720493617E-01 a       828     0    34     1     3
  2.7645276999823749E+00 a       829     0    34     1     4
  3.2214058016898806E-02 a       830     0    34     1     5
 -2.4836889874436205E-01 a       831     0    34     1     6
 -3.2109780412053155E+00 a       832     0    34     1     7
 -2.7081312030390894E+00 a       833     0    34     1     8
  3.9577307880707897E+00 a       834     0    34     1     9
  3.2927201728073121E+00 a       835     0    34     1    10
 -2.3424031055268908E+00 a       836     0    34     1    11
 -7.6081579284190770E+00 a       837     0    34     1    12
  2.9561209646092648E+00 a       838     0    34     1    13
 -4.6918227411971536E+00 a       839     0    34     1    14
  8.4898681332122710E+00 a       840     0    34     1    15
  1.1163278587643508E+00 a       841     0    34     1    16
  3.1450596144744076E+00 a       842     0    34     1    17
  1.7939458157539061E+00 a       843     0    34     1    18
  4.4686843181203884E+00 a       844     0    34     1    19
  1.1706569348405387E+00 a       845     0    34     1    20
  6.5109478832216827E-01 a       846     0    34     1    21
 -8.2424089569573533E-01 a       847     0    34     1    22
 -7.5433884745988706E+00 a       848     0    34     1    23
 -7.4564466874170166E-01 a       849     0    34     1    24
  7.8430218049554927E+00 a       850     0    34     1    25
 -1.7531748343686751E+00 a       851     0    35     1     1
  2.0552086092169572E+00 a       852     0    35     1     2
 -5.2388286520971861E-01 a       853     0    35     1     3
  4.3462235370704922E+00 a       854     0    35     1     4
  2.5060469492969306E-01 a       855     0    35     1     5
  3.0257571433163748E+00 a       856     0    35     1     6
  6.1505849163568460E-01 a       857     0    35     1     7
  1.0914507011952782E-01 a       858     0    35     1     8
 -2.2576111163999713E+00 a       859     0    35     1     9
  3.0083467742093384E+00 a       860     0    35     1    10
 -1.9895819493740259E+00 a       861     0    35     1    11
 -1.3169803235955764E+00 a       862     0    35     1    12
  1.9176047104409069E+00 a       863     0    35     1    13
  1.1878758558884679E+00 a       864     0    35     1    14
  1.8655706819511881E+00 a       865     0    35     1    15
 -9.6953197170939731E-01 a       866     0    35     1    16
 -1.3781910691372672E+00 a       867     0    35     1    17
  2.6440270327736695E+00 a       868     0    35     1    18
  1.1702698354758838E+00 a       869     0    35     1    19
  1.9574856695715568E+00 a       870     0    35     1    20
 -9.3766938002809297E-01 a       871     0    35     1    21
  2.5448659237645881E+00 a       872     0    35     1    22
 -2.7664683251579785E+00 a       873     0    35     1    23
  1.3927111538430008E+00 a       874     0    35     1    24
  1.5960353196948376E+00 a       875     0    35     1    25
  1.7255647378715328E-01 a       876     0    36     1     1
  2.2519853393835595E-01 a       877     0    36     1     2
 -1.8829709590203556E-01 a       878     0    36     1     3
 -1.2247533136510691E+00 a       879     0    36     1     4
 -3.3336379598015753E-01 a       880     0    36     1     5
 -2.0119453772972928E+00 a       881     0    36     1     6
 -5.9627488171106624E-01 a       882     0    36     1     7
  1.5390472625744198E+00 a       883     0    36     1     8
  5.9135238676733903E-01 a       884     0    36     1     9
  3.4796334635072568E-01 a       885     0    36     1    10
 -8.4452499607627862E-01 a       886     0    36     1    11
  1.7183874426791359E+00 a       887     0    36     1    12
 -1.2469164719598058E+00 a       888     0    36     1    13
 -1.4892574371193035E-01 a       889     0    36     1    14
 -1.0816890880079846E+00 a       890     0    36     1    15
  2.8070325172631061E-01 a       891     0    36     1    16
  2.2923357143659935E+00 a       892     0    36     1    17
 -2.0453788941641529E+00 a       893     0    36     1    18
 -1.9041709142873120E-01 a       894     0    36     1    19
  1.2480955874745787E+00 a       895     0    36     1    20
 -2.2203171661662116E+00 a       896     0    36     1    21
  7.4962433122553107E-01 a       897     0    36     1    22
  2.8901994744384449E+00 a       898     0    36     1    23
  3.0854220090987741E+00 a       899     0    36     1    24
 -6.1744075471144144E-01 a       900     0    36     1    25
 -4.8766677703980210E-01 a       901     0    37     1     1
  2.4089249119868361E+00 a       902     0    37     1     2
 -3.6193148052633739E+00 a       903     0    37     1     3
 -3.3951102030067709E-01 a       904     0    37     1     4
  2.9324766157275972E+00 a       905     0    37     1     5
  4.5772214918371832E+00 a       906     0    37     1     6
 -4.4937204895929084E-01 a       907     0    37     1     7
 -8.3381153790366547E-01 a       908     0    37     1     8
  1.6471792261857483E+00 a       909     0    37     1     9
 -1.6693230832230761E+00 a       910     0    37     1    10
 -3.9133835295843880E+00 a       911     0    37     1    11
  3.8783465229479472E+00 a       912     0    37     1    12
 -1.5258625615071686E+00 a       913     0    37     1    13
 -3.8009434395936310E+00 a       914     0    37     1    14
 -8.4160185717372227E-01 a       915     0    37     1    15
 -1.8010330962141774E+00 a       916     0    37     1    16
  6.0371138624577467E+00 a       917     0    37     1    17
 -2.8795707953697809E+00 a       918     0    37     1    18
 -8.3311279291952793E+00 a       919     0    37     1    19
  1.0424500516805366E+00 a       920     0    37     1    20
 -1.0024504298414001E+00 a       921     0    37     1    21
  5.9345293195511639E-01 a       922     0    37     1    22
 -2.8316195273612612E+00 a       923     0    37     1    23
 -9.2867899863499592E-01 a       924     0    37     1    24
  5.5921589621064272E-01 a       925     0    37     1    25
  1.0377235982825466E+00 a       926     0    38     1     1
  2.7481061363375199E-02 a       927     0    38     1     2
  2.1105686273619266E+00 a       928     0    38     1     3
 -1.6215951655345373E+00 a       929     0    38     1     4
  1.2796106104364011E-01 a       930     0    38     1     5
 -2.0276106994872620E+00 a       931     0    38     1     6
 -1.0103400572200703E+00 a       932     0    38     1     7
 -1.6182467445954082E-01 a       933     0    38     1     8
 -2.2512081692574486E+00 a       934     0    38     1     9
 -1.6463543750579950E+00 a       935     0    38     1    10
 -1.3309452052803294E-01 a       936     0    38     1    11
  2.5984749391333741E+00 a       937     0    38     1    12
 -3.4156834987087237E+00 a       938     0    38     1    13
  1.4594215985829588E+00 a       939     0    38     1    14
 -3.1969975334936902E+00 a       940     0    38     1    15
  1.7021543814136772E-01 a       941     0    38     1    16
 -2.7326430492089104E-01 a       942     0    38     1    17
  2.9523417861852314E-01 a       943     0    38     1    18
 -4.5111444413239365E-01 a       944     0    38     1    19
 -1.4149541010406972E+00 a       945     0    38     1    20
  7.3900840236838627E-01 a       946     0    38     1    21
 -2.4317812036031015E+00 a       947     0    38     1    22
  2.7458676328417444E+00 a       948     0    38     1    23
 -1.7743398757429445E+00 a       949     0    38     1    24
 -6.1773959272218466E+00 a       950     0    38     1    25
 -9.3785113190533420E-01 b       951     1     1
  3.2979561299061289E-01 b       952     1     2
 -2.1755557922571833E-01 b       953     1     3
 -8.9500648448294653E-02 b       954     1     4
  4.6991238907544469E-01 b       955     1     5
  5.0467481017326302E-02 b       956     1     6
 -5.5475762487381342E-02 b       957     1     7
 -9.9356685947365464E-02 b       958     1     8
  4.2950321337217295E-01 b       959     1     9
  3.6600508977872398E-01 b       960     1    10
 -1.0896810850662118E-01 b       961     1    11
 -4.9806710540324184E-01 b       962     1    12
 -1.1552776593199642E-01 b       963     1    13
  1.2390253372767368E-01 b       964     1    14
  1.7067667759323110E-01 b       965     1    15
 -2.7631245353894412E-01 b       966     1    16
 -1.5577110399431252E-01 b       967     1    17
  2.4325208516551033E-01 b       968     1    18
  3.7554994437622774E-01 b       969     1    19
 -3.8678781196556135E-02 b       970     1    20
  1.7949468376160443E-01 b       971     1    21
 -8.6008637669506269E-02 b       972     1    22
  1.2058929560515219E-01 b       973     1    23
 -2.3950311793817283E-01 b       974     1    24
  8.6569858787092821E-02 b       975     1    25
  2.1672583042729916E+00 a       976     1     1     2     1
  1.7548142757194116E+00 a       977     1     1     2     2
 -1.5243788764593058E+00 a       978     1     1     2     3
  1.7343329037318105E+00 a       979     1     1     2     4
  3.4508094575798315E-01 a       980     1     1     2     5
  5.9248283184442962E-01 a       981     1     1     2     6
  5.2364256736073778E-01 a       982     1     1     2     7
  1.0698707136902061E+00 a       983     1     1     2     8
  1.3921610525821801E-01 a       984     1     1     2     9
  1.5629579456325755E+00 a       985     1     1     2    10
 -2.6529942477156593E-01 a       986     1     1     2    11
 -8.3854194269354110E-01 a       987     1     1     2    12
 -1.8171092667572608E-01 a       988     1     1     2    13
  1.3921241195279150E+00 a       989     1     1     2    14
  8.0011421438677199E-01 a       990     1     1     2    15
  8.4494928032707650E-01 a       991     1     1     2    16
  1.0136174395733553E+00 a       992     1     1     2    17
  7.9444453714652408E-01 a       993     1     1     2    18
 -2.7167352720600324E-01 a       994     1     1     2    19
 -6.0106110662685563E-01 a       995     1     1     2    20
  1.4783755852238120E-01 a       996     1     1     2    21
 -9.3654537054460407E-01 a       997     1     1     2    22
  1.0625435564638799E+00 a       998     1     1     2    23
 -1.1779172131924716E+00 a       999     1     1     2    24
  1.2206670808207079E+00 a      1000     1     1     2    25
  3.2852867227593868E-01 a      1001     1     2     2     1
  4.1640264585170639E-01 a      1002     1     2     2     2
  2.6148414437855303E+00 a      1003     1     2     2     3
 -4.8068313044997218E-01 a      1004     1     2     2     4
  2.9945158838080776E-01 a      1005     1     2     2     5
 -5.0178276182853376E-01 a      1006     1     2     2     6
 -2.9607118373082214E-01 a      1007     1     2     2     7
  4.4588472760206617E-02 a      1008     1     2     2     8
  4.7075909409882677E-01 a      1009     1     2     2     9
  2.1320929981462615E-02 a      1010     1     2     2    10
 -3.6427094512926189E-01 a      1011     1     2     2    11
 -7.8375143627465971E-01 a      1012     1     2     2    12
  2.3761560433141895E+00 a      1013     1     2     2    13
  4.0926386990856711E-02 a      1014     1     2     2    14
  7.7499070998143127E-01 a      1015     1     2     2    15
 -4.1784861141184465E-01 a      1016     1     2     2    16
  7.2945494716713699E-01 a      1017     1     2     2    17
  5.3215567639155792E-01 a      1018     1     2     2    18
  6.3908233385221103E-01 a      1019     1     2     2    19
  1.8246536370507740E-01 a      1020     1     2     2    20
 -2.5718778772774625E-01 a      1021     1     2     2    21
  1.1362153612907064E+00 a      1022     1     2     2    22
  3.8965864119268401E-01 a      1023     1     2     2    23
 -6.1556090078231140E-01 a      1024     1     2     2    24
  3.4210739941801088E-01 a      1025     1     2     2    25
 -7.2329770040136399E-01 a      1026     1     3     2     1
  3.8907256410893815E-01 a      1027     1     3     2     2
  1.7459203436774879E+00 a      1028     1     3     2     3
  5.8580652643660769E-01 a      1029     1     3     2     4
  2.9147239027451360E-01 a      1030     1     3     2     5
  1.7963099894898011E+00 a      1031     1     3     2     6
  6.4308766755158187E-01 a      1032     1     3     2     7
  5.8075719257039993E-01 a      1033     1     3     2     8
 -1.3782489165330333E-01 a      1034     1     3     2     9
 -1.9673915936633324E-01 a      1035     1     3     2    10
 -5.1723056536830125E-01 a      1036     1     3     2    11
  7.7250907088255782E-01 a      1037     1     3     2    12
  2.9686886279449270E-01 a      1038     1     3     2    13
 -1.0606544093113783E+00 a      1039     1     3     2    14
 -2.0533219715093400E+00 a      1040     1     3     2    15
  3.0452598787491142E-01 a      1041     1     3     2    16
  6.9730955276394435E-01 a      1042     1     3     2    17
 -1.5443490018320580E+00 a      1043     1     3     2    18
  1.2670188243014069E-01 a      1044     1     3     2    19
 -1.2988688397018728E+00 a      1045     1     3     2    20
  5.1928494350356236E-01 a      1046     1     3     2    21
  6.0758334053022423E-01 a      1047     1     3     2    22
 -9.7885428256786505E-02 a      1048     1     3     2    23
  2.2051396649294269E-01 a      1049     1     3     2    24
  2.4418616830363393E-03 a      1050     1     3     2    25
 -1.0279832785391938E+00 a      1051     1     4     2     1
  1.3805248698356321E-01 a      1052     1     4     2     2
  1.3081883088956918E+00 a      1053     1     4     2     3
  1.8023637007906788E-02 a      1054     1     4     2     4
 -1.7334617548421460E-01 a      1055     1     4     2     5
  6.5793383296442043E-01 a      1056     1     4     2     6
  6.0047503415640813E-01 a      1057     1     4     2     7
  3.1194672301607013E-01 a      1058     1     4     2     8
  2.8250294813508192E-01 a      1059     1     4     2     9
 -1.6430095113334084E+00 a      1060     1     4     2    10
 -3.2444906854794120E-01 a      1061     1     4     2    11
  7.1524890266753072E-01 a      1062     1     4     2    12
 -2.0917838970557971E+00 a      1063     1     4     2    13
 -1.5864840469690293E+00 a      1064     1     4     2    14
 -1.4184320590456614E+00 a      1065     1     4     2    15
 -2.0498353453176565E-01 a      1066     1     4     2    16
 -7.9429958248590193E-01 a      1067     1     4     2    17
 -4.5440536020983147E-01 a      1068     1     4     2    18
 -4.6348072800007240E-01 a      1069     1     4     2    19
  6.9303347015293126E-01 a      1070     1     4     2    20
 -5.4965414327201678E-01 a      1071     1     4     2    21
  1.3482099915512475E+00 a      1072     1     4     2    22
 -3.3796115976066665E-01 a      1073     1     4     2    23
 -9.7696137059605515E-01 a      1074     1     4     2    24
 -2.4790103755267623E-01 a      1075     1     4     2    25
 -1.0447297952331287E-01 a      1076     1     5     2     1
  8.4128777498949292E-01 a      1077     1     5     2     2
  2.8967461947705114E-01 a      1078     1     5     2     3
  3.5693804791259348E-01 a      1079     1     5     2     4
  1.8291474265279495E+00 a      1080     1     5     2     5
 -3.1332371708462026E-01 a      1081     1     5     2     6
 -7.5223208945461850E-01 a      1082     1     5     2     7
  3.8905994544916106E-01 a      1083     1     5     2     8
 -6.5958807458111557E-01 a      1084     1     5     2     9
 -4.9556361089684309E-03 a      1085     1     5     2    10
  1.5334818896305564E+00 a      1086     1     5     2    11
 -5.4223824106079122E-02 a      1087     1     5     2    12
 -1.2127467965265849E-01 a      1088     1     5     2    13
  1.0352594339812216E+00 a      1089     1     5     2    14
  5.6060324124177907E-01 a      1090     1     5     2    15
  2.9362380653594466E-01 a      1091     1     5     2    16
  2.7171464913060372E+00 a      1092     1     5     2    17
 -1.0383537311350199E+00 a      1093     1     5     2    18
 -9.7746027848422323E-01 a      1094     1     5     2    19
 -4.2523855104432812E-01 a      1095     1     5     2    20
 -4.4407772931769079E-01 a      1096     1     5     2    21
 -6.9650085478134161E-01 a      1097     1     5     2    22
 -5.8358654995532022E-01 a      1098     1     5     2    23
  1.9441702565586092E+00 a      1099     1     5     2    24
 -1.3167695132931219E+00 a      1100     1     5     2    25
  3.2559032758357015E-01 a      1101     1     6     2     1
 -1.0382518167927259E+00 a      1102     1     6     2     2
 -2.4365863792948330E+00 a      1103     1     6     2     3
  3.5897164384393943E-01 a      1104     1     6     2     4
 -6.6260759687511572E-01 a      1105     1     6     2     5
 -1.3279236394136454E-01 a      1106     1     6     2     6
  1.1019670770908922E-01 a      1107     1     6     2     7
  1.9609564157480214E-01 a      1108     1     6     2     8
  3.4575782377271103E-01 a      1109     1     6     2     9
 -3.4499595766077384E-01 a      1110     1     6     2    10
 -1.2443463098096335E+00 a      1111     1     6     2    11
  3.5427306236590211E-01 a      1112     1     6     2    12
  8.0951484932020445E-01 a      1113     1     6     2    13
 -6.9806501846342850E-01 a      1114     1     6     2    14
 -1.2737774725607420E+00 a      1115     1     6     2    15
  1.5183568650033316E-01 a      1116     1     6     2    16
 -1.7687709350304328E+00 a      1117     1     6     2    17
  2.9945144392969331E-01 a      1118     1     6     2    18
 -6.6092538503416909E-01 a      1119     1     6     2    19
  6.5184511543481316E-01 a      1120     1     6     2    20
 -6.8728096171690201E-01 a      1121     1     6     2    21
  6.8740911970798046E-01 a      1122     1     6     2    22
 -5.4520657692495522E-01 a      1123     1     6     2    23
  1.5354467916636976E+00 a      1124     1     6     2    24
 -1.7198562694248127E+00 a      1125     1     6     2    25
 -1.2371757593592636E+00 a      1126     1     7     2     1
  1.5232125383009831E-01 a      1127     1     7     2     2
 -1.8128607955877101E+00 a      1128     1     7     2     3
  7.8626037575027771E-02 a      1129     1     7     2     4
 -2.1217605062592444E+00 a      1130     1     7     2     5
  8.1152889863619948E-01 a      1131     1     7     2     6
  5.6305037609363373E-01 a      1132     1     7     2     7
  2.3125735347211718E-01 a      1133     1     7     2     8
  1.0806600232877144E-02 a      1134     1     7     2     9
  2.2059652441570701E-01 a      1135     1     7     2    10
 -4.3062972886061501E-01 a      1136     1     7     2    11
  8.1503267039522520E-01 a      1137     1     7     2    12
  7.7691442112031672E-01 a      1138     1     7     2    13
 -5.5037134070046678E-01 a      1139     1     7     2    14
  9.8938137860170050E-01 a      1140     1     7     2    15
 -4.3172796259721469E-01 a      1141     1     7     2    16
 -1.3845761590658412E+00 a      1142     1     7     2    17
  4.5766844960217590E-01 a      1143     1     7     2    18
  2.0444082481555201E-02 a      1144     1     7     2    19
 -7.5406724137441228E-01 a      1145     1     7     2    20
  2.3241626631108345E+00 a      1146     1     7     2    21
  4.6232605599210713E-01 a      1147     1     7     2    22
 -3.7197651568224507E-02 a      1148     1     7     2    23
 -5.5068810813654367E-01 a      1149     1     7     2    24
  4.9024244546498152E-01 a      1150     1     7     2    25
 -5.8847055964962547E-01 a      1151     1     8     2     1
 -2.9340171738994247E-01 a      1152     1     8     2     2
 -1.2081665811105442E+00 a      1153     1     8     2     3
 -8.8030690664719280E-01 a      1154     1     8     2     4
 -1.8976834109002058E-01 a      1155     1     8     2     5
 -2.9499672152158424E-01 a      1156     1     8     2     6
  8.2949092341385267E-01 a      1157     1     8     2     7
  1.5009157969090020E-01 a      1158     1     8     2     8
  4.4763382911099214E-01 a      1159     1     8     2     9
 -1.0020267303968182E+00 a      1160     1     8     2    10
  1.9532319415399052E-01 a      1161     1     8     2    11
  3.2153175804363132E-01 a      1162     1     8     2    12
 -8.6347386860489428E-01 a      1163     1     8     2    13
 -1.8557373526059626E-01 a      1164     1     8     2    14
 -2.8616101160837859E+00 a      1165     1     8     2    15
  1.2398224437652856E+00 a      1166     1     8     2    16
  8.5881908975330312E-01 a      1167     1     8     2    17
  3.7838834995351200E-01 a      1168     1     8     2    18
 -7.5379504882315285E-01 a      1169     1     8     2    19
 -2.6312114746850346E-01 a      1170     1     8     2    20
 -1.5037101376183930E+00 a      1171     1     8     2    21
 -6.4996774271779301E-01 a      1172     1     8     2    22
  3.4981227228762307E-01 a      1173     1     8     2    23
 -1.5438554294748860E-01 a      1174     1     8     2    24
 -7.9701299724041963E-01 a      1175     1     8     2    25
 -8.6778079953379406E-01 a      1176     1     9     2     1
 -2.9046152256496272E-01 a      1177     1     9     2     2
  9.7839818871219419E-01 a      1178     1     9     2     3
 -1.3191277309235947E+00 a      1179     1     9     2     4
 -7.9518580396456973E-01 a      1180     1     9     2     5
  3.0619648124361015E-01 a      1181     1     9     2     6
  1.2386599388748996E+00 a      1182     1     9     2     7
 -3.9200276814972024E-01 a      1183     1     9     2     8
  2.2089011579326773E-01 a      1184     1     9     2     9
  2.8194191278061653E-01 a      1185     1     9     2    10
 -9.8865294022852657E-01 a      1186     1     9     2    11
  1.6062499155786210E+00 a      1187     1     9     2    12
 -5.5557682872542558E-01 a      1188     1     9     2    13
 -1.7041240894579344E+00 a      1189     1     9     2    14
 -2.1179162252266854E+00 a      1190     1     9     2    15
  3.7655223404181987E-01 a      1191     1     9     2    16
 -7.6768142820904905E-01 a      1192     1     9     2    17
  5.6734278155736950E-01 a      1193     1     9     2    18
  1.1741627576817952E+00 a      1194     1     9     2    19
  3.3330902545104829E-01 a      1195     1     9     2    20
  3.9126144336796115E-01 a      1196     1     9     2    21
  2.7315364142348020E-01 a      1197     1     9     2    22
 -9.0100958608510764E-02 a      1198     1     9     2    23
  4.9603071022750173E-01 a      1199     1     9     2    24
  2.5059893499306551E-01 a      1200     1     9     2    25
  1.6002538758349858E+00 a      1201     1    10     2     1
 -4.6428512879696286E-02 a      1202     1    10     2     2
 -1.3830300740679105E+00 a      1203     1    10     2     3
 -5.2407931877643854E-01 a      1204     1    10     2     4
  4.1572019227008117E-01 a      1205     1    10     2     5
 -2.8661099699344099E-02 a      1206     1    10     2     6
  1.0358304967860545E-01 a      1207     1    10     2     7
  4.4104232042796460E-01 a      1208     1    10     2     8
  2.7762860062348627E-01 a      1209     1    10     2     9
  3.3231225713829782E-01 a      1210     1    10     2    10
  8.3188909160753666E-02 a      1211     1    10     2    11
 -5.7110599168296590E-02 a      1212     1    10     2    12
  6.5483271447516245E-01 a      1213     1    10     2    13
 -2.3847997796678663E-01 a      1214     1    10     2    14
 -1.9874263814688276E+00 a      1215     1    10     2    15
  4.6349363123148962E-01 a      1216     1    10     2    16
  8.6426632803748529E-02 a      1217     1    10     2    17
  1.4071714683376138E+00 a      1218     1    10     2    18
 -1.3760222521071999E-01 a      1219     1    10     2    19
 -3.0600032175466668E-01 a      1220     1    10     2    20
 -2.3827088844609454E+00 a      1221     1    10     2    21
 -1.4965660302632935E+00 a      1222     1    10     2    22
 -4.8763932205142069E-01 a      1223     1    10     2    23
  2.9608803181301440E+00 a      1224     1    10     2    24
 -1.0381298736743358E-01 a      1225     1    10     2    25
 -8.0165121379803017E-01 a      1226     1    11     2     1
  4.0886919441388170E-01 a      1227     1    11     2     2
  1.1081960662038046E+00 a      1228     1    11     2     3
  9.3354631268158139E-01 a      1229     1    11     2     4
 -6.5859817358994954E-01 a      1230     1    11     2     5
  1.3084737700867284E+00 a      1231     1    11     2     6
  4.0063371262670983E-01 a      1232     1    11     2     7
  1.2006010409100570E-01 a      1233     1    11     2     8
 -5.0865746297968306E-01 a      1234     1    11     2     9
 -1.4881307848074292E+00 a      1235     1    11     2    10
 -2.2560313619964412E-01 a      1236     1    11     2    11
  4.1639919968760486E-02 a      1237     1    11     2    12
 -2.4243002529157601E-01 a      1238     1    11     2    13
 -1.1272839602562465E-01 a      1239     1    11     2    14
  4.5127078158409356E-01 a      1240     1    11     2    15
  6.2745699233919483E-01 a      1241     1    11     2    16
  3.2963900818501068E-01 a      1242     1    11     2    17
 -2.0297383673650660E+00 a      1243     1    11     2    18
  6.9291036899574804E-02 a      1244     1    11     2    19
  2.8687328503915638E-01 a      1245     1    11     2    20
  3.8086964005836554E-01 a      1246     1    11     2    21
 -2.4555348060849008E-01 a      1247     1    11     2    22
 -1.4354561615813546E-01 a      1248     1    11     2    23
 -1.2362532122838044E+00 a      1249     1    11     2    24
  4.3971838271947883E-01 a      1250     1    11     2    25
 -2.5099433605063113E+00 a      1251     1    12     2     1
 -1.4926848032394213E+00 a      1252     1    12     2     2
  1.9156326069236636E+00 a      1253     1    12     2     3
 -6.8570642803464044E-01 a      1254     1    12     2     4
 -2.8900040251331691E+00 a      1255     1    12     2     5
  1.0503743639983659E-02 a      1256     1    12     2     6
  1.0712631610270644E+00 a      1257     1    12     2     7
 -7.0423486176907568E-01 a      1258     1    12     2     8
 -3.0799278968110649E-01 a      1259     1    12     2     9
 -3.4281477553131174E+00 a      1260     1    12     2    10
  2.7506294747338938E-02 a      1261     1    12     2    11
  1.1095117972744302E+00 a      1262     1    12     2    12
 -7.5692522168055476E-01 a      1263     1    12     2    13
 -2.5286511683069429E-01 a      1264     1    12     2    14
  1.4414008817452324E+00 a      1265     1    12     2    15
  5.3928162122592860E-01 a      1266     1    12     2    16
 -2.2884092286725153E+00 a      1267     1    12     2    17
 -1.3454609162665214E+00 a      1268     1    12     2    18
  1.0028024273022147E-01 a      1269     1    12     2    19
  1.2028456865670958E+00 a      1270     1    12     2    20
  1.9314807617465381E-02 a      1271     1    12     2    21
  2.4244786264507439E+00 a      1272     1    12     2    22
 -1.4218286146357078E+00 a      1273     1    12     2    23
 -2.3606033854632171E+00 a      1274     1    12     2    24
 -1.9227631508156622E+00 a      1275     1    12     2    25
 -5.6512773170477859E-01 a      1276     1    13     2     1
  4.4460279004311820E-01 a      1277     1    13     2     2
  1.7685920950009375E+00 a      1278     1    13     2     3
 -3.6634261957168912E-01 a      1279     1    13     2     4
  7.3068862956565417E-01 a      1280     1    13     2     5
  2.0768326465250847E-01 a      1281     1    13     2     6
  2.3137979725044039E-01 a      1282     1    13     2     7
  1.2520281789469087E-01 a      1283     1    13     2     8
 -2.6771524774125399E-01 a      1284     1    13     2     9
 -1.5609934020110841E-01 a      1285     1    13     2    10
 -3.1374458921807014E-01 a      1286     1    13     2    11
  6.7618272041582939E-01 a      1287     1    13     2    12
  1.9441877617583267E+00 a      1288     1    13     2    13
 -9.3780808004429383E-01 a      1289     1    13     2    14
  7.8461457921928146E-01 a      1290     1    13     2    15
  4.6650185190715759E-01 a      1291     1    13     2    16
  1.0255818808604422E+00 a      1292     1    13     2    17
 -7.9939254060666889E-02 a      1293     1    13     2    18
  5.4467573724168628E-01 a      1294     1    13     2    19
 -5.6132493139977369E-01 a      1295     1    13     2    20
  2.0684918941224517E-01 a      1296     1    13     2    21
  4.5205261285471915E-01 a      1297     1    13     2    22
 -4.5981566842706234E-01 a      1298     1    13     2    23
  5.7621314882947328E-01 a      1299     1    13     2    24
  4.9834683326101958E-01 a      1300     1    13     2    25
  6.9784227512767541E-02 a      1301     1    14     2     1
  1.0561347878099521E+00 a      1302     1    14     2     2
  1.3955243726166799E+00 a      1303     1    14     2     3
  1.3468833407245773E+00 a      1304     1    14     2     4
  4.6972130368692788E-01 a      1305     1    14     2     5
 -8.4311498987746791E-01 a      1306     1    14     2     6
 -2.8677868467918805E-01 a      1307     1    14     2     7
  3.6540457734095255E-01 a      1308     1    14     2     8
 -7.7193411384050253E-02 a      1309     1    14     2     9
  2.4281672064623341E-01 a      1310     1    14     2    10
 -1.7148219426640021E-01 a      1311     1    14     2    11
 -2.9564773597014242E+00 a      1312     1    14     2    12
 -1.3632507492942862E+00 a      1313     1    14     2    13
  2.3106679512389694E+00 a      1314     1    14     2    14
  1.5134911739004981E+00 a      1315     1    14     2    15
 -7.9730140822832440E-01 a      1316     1    14     2    16
  2.5306521395724973E-01 a      1317     1    14     2    17
  3.5893522629019202E-02 a      1318     1    14     2    18
 -1.1247651146333646E+00 a      1319     1    14     2    19
  3.0395083452155347E-01 a      1320     1    14     2    20
 -1.3637373103147743E+00 a      1321     1    14     2    21
  1.8824261868896935E-01 a      1322     1    14     2    22
  1.7787684052817960E+00 a      1323     1    14     2    23
 -4.0183061147573431E+00 a      1324     1    14     2    24
  1.1692360286165100E+00 a      1325     1    14     2    25
 -6.3958055034345551E-01 a      1326     1    15     2     1
  4.3596051308383038E-01 a      1327     1    15     2     2
 -1.3880631632967257E+00 a      1328     1    15     2     3
  6.5601640415801354E-01 a      1329     1    15     2     4
  8.5873607032034094E-01 a      1330     1    15     2     5
 -4.5827117284717783E-01 a      1331     1    15     2     6
 -9.0366046104975939E-01 a      1332     1    15     2     7
 -4.3807458636495289E-01 a      1333     1    15     2     8
  7.6243233794576148E-01 a      1334     1    15     2     9
  2.0091580740001551E+00 a      1335     1    15     2    10
  8.4643998985598989E-01 a      1336     1    15     2    11
  1.8346739755007588E+00 a      1337     1    15     2    12
 -3.7244881936991103E-01 a      1338     1    15     2    13
  1.3770392542308036E+00 a      1339     1    15     2    14
 -4.5530677891466970E-01 a      1340     1    15     2    15
 -7.2677883333169824E-01 a      1341     1    15     2    16
 -1.0069715330407931E+00 a      1342     1    15     2    17
 -4.0535478354033838E-01 a      1343     1    15     2    18
 -7.5478894109156391E-01 a      1344     1    15     2    19
 -7.6413992982277834E-01 a      1345     1    15     2    20
 -6.0301113198596923E-01 a      1346     1    15     2    21
 -4.5497041929924742E-01 a      1347     1    15     2    22
  4.5076873713925429E-02 a      1348     1    15     2    23
  4.5878233803263574E-01 a      1349     1    15     2    24
 -3.9421996601423609E-01 a      1350     1    15     2    25
  9.4752468704403611E-02 a      1351     1    16     2     1
 -8.0417430693964820E-01 a      1352     1    16     2     2
 -1.5350451046036290E-01 a      1353     1    16     2     3
  4.1682566436075602E-01 a      1354     1    16     2     4
 -8.1531870972424994E-02 a      1355     1    16     2     5
 -5.9080875805898503E-01 a      1356     1    16     2     6
 -2.9719833723184763E-01 a      1357     1    16     2     7
  1.9346034308891799E-01 a      1358     1    16     2     8
 -5.2001321029158283E-02 a      1359     1    16     2     9
 -6.3215028411302596E-02 a      1360     1    16     2    10
 -7.2048097404338762E-02 a      1361     1    16     2    11
 -3.4247046532900394E-01 a      1362     1    16     2    12
 -1.6006520521596577E+00 a      1363     1    16     2    13
  9.2140468112033622E-02 a      1364     1    16     2    14
 -3.8469547840883794E-01 a      1365     1    16     2    15
 -2.4091455249412291E-02 a      1366     1    16     2    16
 -2.3315738306784812E+00 a      1367     1    16     2    17
 -6.7018429401263291E-01 a      1368     1    16     2    18
 -1.0741451798276092E+00 a      1369     1    16     2    19
  3.0016225189530173E-02 a      1370     1    16     2    20
 -1.2938955478642902E+00 a      1371     1    16     2    21
  6.3581647509978079E-01 a      1372     1    16     2    22
  1.4321351613538202E-01 a      1373     1    16     2    23
 -2.0140304389473074E+00 a      1374     1    16     2    24
  6.3786162304542626E-01 a      1375     1    16     2    25
  1.8074142034512275E-01 a      1376     1    17     2     1
 -1.2196989550823394E-03 a      1377     1    17     2     2
  8.4353651248889883E-01 a      1378     1    17     2     3
  5.1512041385462937E-01 a      1379     1    17     2     4
  7.2517594926180251E-01 a      1380     1    17     2     5
 -3.2498652575564200E-03 a      1381     1    17     2     6
 -9.7941203278614919E-01 a      1382     1    17     2     7
 -5.0742604742038777E-01 a      1383     1    17     2     8
  5.1395640972606804E-01 a      1384     1    17     2     9
  1.9499469162423633E+00 a      1385     1    17     2    10
 -2.7997923312048489E-02 a      1386     1    17     2    11
  1.9618286576535265E-01 a      1387     1    17     2    12
  1.2844740176968910E+00 a      1388     1    17     2    13
  4.5611571023380641E-02 a      1389     1    17     2    14
 -2.5941645021115880E+00 a      1390     1    17     2    15
 -1.1632530340859428E+00 a      1391     1    17     2    16
 -1.0727685059730692E+00 a      1392     1    17     2    17
  7.9804469340256723E-01 a      1393     1    17     2    18
 -1.9314139001492930E-01 a      1394     1    17     2    19
 -7.0499769749030761E-01 a      1395     1    17     2    20
 -3.9881646635393708E-01 a      1396     1    17     2    21
 -1.0256850733110923E+00 a      1397     1    17     2    22
  1.1070073224078183E+00 a      1398     1    17     2    23
 -1.1326417603666463E+00 a      1399     1    17     2    24
  7.8392695172773563E-01 a      1400     1    17     2    25
 -2.2353494619984287E+00 a      1401     1    18     2     1
 -4.9166130280694514E-01 a      1402     1    18     2     2
  4.9237339311951073E-01 a      1403     1    18     2     3
  9.4536314535334731E-01 a      1404     1    18     2     4
 -1.9950390521627317E+00 a      1405     1    18     2     5
 -5.3972866457720881E-01 a      1406     1    18     2     6
 -5.5378413870900967E-01 a      1407     1    18     2     7
  8.0877266792213864E-01 a      1408     1    18     2     8
  1.8449115663445212E-01 a      1409     1    18     2     9
 -1.8845522726224773E+00 a      1410     1    18     2    10
 -5.2470181102419988E-01 a      1411     1    18     2    11
  8.7415227661234884E-01 a      1412     1    18     2    12
  2.3859993107997051E+00 a      1413     1    18     2    13
  8.4150245694498171E-01 a      1414     1    18     2    14
  1.2266941689300379E+00 a      1415     1    18     2    15
 -4.1061629275414174E-01 a      1416     1    18     2    16
 -4.6418364504532911E-01 a      1417     1    18     2    17
 -1.2027065987065262E+00 a      1418     1    18     2    18
  4.5722749210442964E-01 a      1419     1    18     2    19
  4.8429144383179579E-01 a      1420     1    18     2    20
  3.8465636339270720E-01 a      1421     1    18     2    21
  1.3777330737617577E+00 a      1422     1    18     2    22
 -7.2880484445992577E-01 a      1423     1    18     2    23
 -3.0952464203315211E+00 a      1424     1    18     2    24
 -6.8651569975427784E-01 a      1425     1    18     2    25
  3.0129305367127803E+00 a      1426     1    19     2     1
  7.8105021683668940E-01 a      1427     1    19     2     2
 -1.0924036568376565E+00 a      1428     1    19     2     3
 -1.3747125049490697E-01 a      1429     1    19     2     4
 -9.6778312333754357E-01 a      1430     1    19     2     5
 -3.0695223155000106E-01 a      1431     1    19     2     6
  2.1066259894728003E+00 a      1432     1    19     2     7
  1.3055695006755325E-01 a      1433     1    19     2     8
 -8.3128025422744367E-01 a      1434     1    19     2     9
  6.2657997594197024E-01 a      1435     1    19     2    10
 -1.2682501754409310E+00 a      1436     1    19     2    11
  9.7692328952255036E-01 a      1437     1    19     2    12
 -7.7756710196212087E-01 a      1438     1    19     2    13
  2.3214187869014400E+00 a      1439     1    19     2    14
  6.4148969587776106E-01 a      1440     1    19     2    15
  1.1197131914369542E+00 a      1441     1    19     2    16
 -1.5832336892102707E+00 a      1442     1    19     2    17
  6.8725561680266178E-01 a      1443     1    19     2    18
  2.1384664360668753E+00 a      1444     1    19     2    19
  1.2177854619071296E+00 a      1445     1    19     2    20
  6.5839744155377899E-01 a      1446     1    19     2    21
 -1.5218039451215393E+00 a      1447     1    19     2    22
 -3.0618104524617995E-02 a      1448     1    19     2    23
 -2.5722641668016211E+00 a      1449     1    19     2    24
  3.9134767801977216E-01 a      1450     1    19     2    25
  5.8710466265992423E-01 a      1451     1    20     2     1
  6.4543459338649023E-01 a      1452     1    20     2     2
 -1.1548205423588245E+00 a      1453     1    20     2     3
 -4.6590683194979950E-02 a      1454     1    20     2     4
 -5.3935707277420486E-01 a      1455     1    20     2     5
 -3.2864520591083296E-01 a      1456     1    20     2     6
  2.7833936607120752E-01 a      1457     1    20     2     7
  1.4719127432889567E-01 a      1458     1    20     2     8
 -4.8107853766574715E-01 a      1459     1    20     2     9
 -3.5535640706614857E-02 a      1460     1    20     2    10
  8.2428941144123180E-01 a      1461     1    20     2    11
 -5.4968135943161536E-02 a      1462     1    20     2    12
 -2.0773242825675640E+00 a      1463     1    20     2    13
  1.5667396902662891E+00 a      1464     1    20     2    14
 -3.5370986979159098E-03 a      1465     1    20     2    15
 -1.2189016008074612E-01 a      1466     1    20     2    16
 -4.4029488420851920E-01 a      1467     1    20     2    17
  4.4247315925581072E-02 a      1468     1    20     2    18
 -2.6152879738051749E-01 a      1469     1    20     2    19
  2.9935176825180698E-01 a      1470     1    20     2    20
 -4.8562478868315934E-01 a      1471     1    20     2    21
 -5.0543610836511543E-01 a      1472     1    20     2    22
 -3.6749447028299698E-01 a      1473     1    20     2    23
 -1.0731228556527275E+00 a      1474     1    20     2    24
 -1.0709815436414345E+00 a      1475     1    20     2    25
  5.7109800191157212E-01 a      1476     1    21     2     1
 -5.7606006899207884E-01 a      1477     1    21     2     2
 -1.0595734412588782E+00 a      1478     1    21     2     3
 -3.1442221966356504E-01 a      1479     1    21     2     4
  3.0723597842566686E-01 a      1480     1    21     2     5
  1.1241998734972454E-01 a      1481     1    21     2     6
  7.6506687537110418E-01 a      1482     1    21     2     7
  1.0145429968562331E-01 a      1483     1    21     2     8
  1.6392443447158062E-01 a      1484     1    21     2     9
  1.8194003122279603E+00 a      1485     1    21     2    10
 -8.9978542808484097E-01 a      1486     1    21     2    11
  1.1835130841380290E+00 a      1487     1    21     2    12
 -6.2018808251781843E-01 a      1488     1    21     2    13
 -1.5563061103623601E+00 a      1489     1    21     2    14
  2.1274494303863185E+00 a      1490     1    21     2    15
 -8.9412238001310027E-02 a      1491     1    21     2    16
 -1.0260733364130863E+00 a      1492     1    21     2    17
  9.5850689542669920E-01 a      1493     1    21     2    18
 -7.6340056254444111E-01 a      1494     1    21     2    19
 -1.6590475095879040E+00 a      1495     1    21     2    20
  1.9141696555108618E+00 a      1496     1    21     2    21
 -4.8727640733918637E-01 a      1497     1    21     2    22
  3.7054785530420997E-01 a      1498     1    21     2    23
 -1.9737401446965983E+00 a      1499     1    21     2    24
  9.1097128295701202E-01 a      1500     1    21     2    25
 -9.9636804656511743E-02 a      1501     1    22     2     1
  1.4260358241338662E+00 a      1502     1    22     2     2
 -1.1246858654958181E+00 a      1503     1    22     2     3
  1.2068609718495222E+00 a      1504     1    22     2     4
 -1.6802153525382439E+00 a      1505     1    22     2     5
  1.0686878484652795E+00 a      1506     1    22     2     6
  2.8373241648968041E-03 a      1507     1    22     2     7
  3.5185295511377734E-01 a      1508     1    22     2     8
  1.1842361873683129E+00 a      1509     1    22     2     9
  1.1758841880303372E+00 a      1510     1    22     2    10
  1.9554841397226899E+00 a      1511     1    22     2    11
 -1.3979940900853138E+00 a      1512     1    22     2    12
 -2.0728028784990777E+00 a      1513     1    22     2    13
  3.5171359135768832E+00 a      1514     1    22     2    14
 -7.7744156275391585E-01 a      1515     1    22     2    15
 -4.6221964349757982E-01 a      1516     1    22     2    16
 -4.8297718650203847E-01 a      1517     1    22     2    17
 -3.3401028660871240E-01 a      1518     1    22     2    18
 -4.3369110628537816E-01 a      1519     1    22     2    19
 -4.1178563409865604E-01 a      1520     1    22     2    20
  1.8031776137276121E+00 a      1521     1    22     2    21
 -3.6420929600722729E-01 a      1522     1    22     2    22
  1.6324147298080169E+00 a      1523     1    22     2    23
 -2.0818260408204741E+00 a      1524     1    22     2    24
 -2.7030822094448614E-01 a      1525     1    22     2    25
  3.5613321407788617E-01 a      1526     1    23     2     1
 -8.2251079834827978E-01 a      1527     1    23     2     2
  1.1848384720505889E+00 a      1528     1    23     2     3
  1.0175413688210637E+00 a      1529     1    23     2     4
  6.8657731251355980E-01 a      1530     1    23     2     5
  6.2516265855297626E-01 a      1531     1    23     2     6
  4.3348719444184414E-01 a      1532     1    23     2     7
  3.2990216521160354E-01 a      1533     1    23     2     8
 -6.5554622495629933E-01 a      1534     1    23     2     9
 -8.2104942043117024E-01 a      1535     1    23     2    10
 -5.4136694055986656E-01 a      1536     1    23     2    11
 -1.4534157636393175E+00 a      1537     1    23     2    12
  1.9338450434951300E+00 a      1538     1    23     2    13
 -5.1141604637372595E-01 a      1539     1    23     2    14
 -1.6140824554179878E-01 a      1540     1    23     2    15
  6.9311457213899430E-01 a      1541     1    23     2    16
 -1.5002368666861214E+00 a      1542     1    23     2    17
  1.0402113899478738E+00 a      1543     1    23     2    18
 -1.1497967252717691E+00 a      1544     1    23     2    19
 -1.6842203717043439E-01 a      1545     1    23     2    20
 -1.5121715355212348E-01 a      1546     1    23     2    21
  9.3881847951904107E-01 a      1547     1    23     2    22
 -1.5818754937600646E-01 a      1548     1    23     2    23
 -8.2848137552985102E-01 a      1549     1    23     2    24
  6.2944356395871148E-01 a      1550     1    23     2    25
  1.0713793046069802E+00 a      1551     1    24     2     1
  3.1413620108667067E-01 a      1552     1    24     2     2
 -2.2607759728899675E+00 a      1553     1    24     2     3
  5.7220404843044337E-01 a      1554     1    24     2     4
  6.0817569688213846E-01 a      1555     1    24     2     5
 -7.4365198335320104E-01 a      1556     1    24     2     6
 -5.4094825693955451E-01 a      1557     1    24     2     7
  2.1285282376347908E-01 a      1558     1    24     2     8
 -1.3821712254424931E-01 a      1559     1    24     2     9
 -7.3401393775371571E-01 a      1560     1    24     2    10
 -1.1072138754691996E+00 a      1561     1    24     2    11
 -6.6208546037563787E-01 a      1562     1    24     2    12
  1.3215224080935399E+00 a      1563     1    24     2    13
 -6.3810970655879640E-01 a      1564     1    24     2    14
 -3.9712428423086765E-01 a      1565     1    24     2    15
 -3.8149844781080461E-01 a      1566     1    24     2    16
  2.3786120315055209E-01 a      1567     1    24     2    17
  2.1815747213331291E-01 a      1568     1    24     2    18
 -1.0146679782448429E+00 a      1569     1    24     2    19
  2.3548416802796843E-01 a      1570     1    24     2    20
 -7.3877852128208621E-01 a      1571     1    24     2    21
  2.6532280718864132E-01 a      1572     1    24     2    22
 -7.2508852322947581E-01 a      1573     1    24     2    23
 -5.0885194057395644E-01 a      1574     1    24     2    24
 -9.4092383763676735E-01 a      1575     1    24     2    25
  1.3383764855036684E+00 a      1576     1    25     2     1
  1.0183665838307317E-01 a      1577     1    25     2     2
 -3.9231479841778999E-01 a      1578     1    25     2     3
  7.6043422174117614E-01 a      1579     1    25     2     4
  6.0711389499242774E-01 a      1580     1    25     2     5
 -2.0340796472401795E-01 a      1581     1    25     2     6
 -3.5679475305617342E-01 a      1582     1    25     2     7
  7.2105049138946234E-02 a      1583     1    25     2     8
  1.5402287561631517E-01 a      1584     1    25     2     9
  1.0186953560972822E+00 a      1585     1    25     2    10
 -1.0517796552881915E+00 a      1586     1    25     2    11
 -1.1855092084176178E+00 a      1587     1    25     2    12
  1.1454272022025687E+00 a      1588     1    25     2    13
  7.1430380760898993E-01 a      1589     1    25     2    14
  7.4991835574551580E-01 a      1590     1    25     2    15
 -3.4132841184624357E-01 a      1591     1    25     2    16
  4.3027540282558180E-01 a      1592     1    25     2    17
 -5.0166218386042898E-02 a      1593     1    25     2    18
  7.1042449986153633E-01 a      1594     1    25     2    19
 -1.7082899825795059E-01 a      1595     1    25     2    20
 -2.5783120748478472E-01 a      1596     1    25     2    21
 -7.7887719883413287E-01 a      1597     1    25     2    22
  8.1627470290285131E-01 a      1598     1    25     2    23
 -4.3426632041442502E-02 a      1599     1    25     2    24
  3.7522658489899574E-01 a      1600     1    25     2    25
 -8.3811408740951676E-01 b      1601     2     1
  8.1454347136080896E-01 b      1602     2     2
 -9.8339076802195247E-01 b      1603     2     3
  1.5931102018489685E+00 b      1604     2     4
 -1.4801594333587964E+00 b      1605     2     5
  1.0459319856606470E+00 b      1606     2     6
  3.9966366821206939E-02 b      1607     2     7
  5.1370542069537317E-01 b      1608     2     8
  4.7535302575754929E-01 b      1609     2     9
 -1.3971113444366117E+00 b      1610     2    10
  2.1379405144044208E-01 b      1611     2    11
 -1.2645287428693113E+00 b      1612     2    12
 -1.5808372904545880E+00 b      1613     2    13
 -3.4320410880776853E-01 b      1614     2    14
 -7.7914684111308563E-01 b      1615     2    15
  8.7557560900256570E-01 b      1616     2    16
 -8.4371494736459474E-01 b      1617     2    17
 -9.7642364996212738E-01 b      1618     2    18
 -1.1026020124070071E+00 b      1619     2    19
 -9.2995508768377011E-01 b      1620     2    20
  3.3861442999761776E-01 b      1621     2    21
 -6.2750334952481313E-01 b      1622     2    22
 -6.4780077086248999E-01 b      1623     2    23
 -2.2700647982707363E+00 b      1624     2    24
  4.8311796283129399E-01 b      1625     2    25
 -3.6622433319473285E-01 a      1626     2     1     3     1
 -1.3414443815473223E+00 a      1627     2     2     3     1
 -1.8761516141926698E-01 a      1628     2     3     3     1
 -6.7944731763289823E-01 a      1629     2     4     3     1
  7.5141548400617419E-01 a      1630     2     5     3     1
 -7.6713319886144093E-01 a      1631     2     6     3     1
  9.4349016438175271E-01 a      1632     2     7     3     1
  1.0415726421168119E+00 a      1633     2     8     3     1
  1.4469414847761914E+00 a      1634     2     9     3     1
  3.9608513253418387E-01 a      1635     2    10     3     1
  1.2654693988600205E+00 a      1636     2    11     3     1
 -3.9257029787476477E-01 a      1637     2    12     3     1
  9.0275949750896381E-02 a      1638     2    13     3     1
 -5.4890377042133698E-01 a      1639     2    14     3     1
 -7.1684630595879775E-02 a      1640     2    15     3     1
 -8.9149368571366427E-01 a      1641     2    16     3     1
 -2.3675094390585355E-01 a      1642     2    17     3     1
 -5.6327331694666150E-01 a      1643     2    18     3     1
  8.2046107320931105E-01 a      1644     2    19     3     1
  7.7031341481358395E-01 a      1645     2    20     3     1
  2.8649684598275971E-01 a      1646     2    21     3     1
  1.2900961486224090E+00 a      1647     2    22     3     1
  1.2651206726225293E+00 a      1648     2    23     3     1
 -1.7530885567512974E-01 a      1649     2    24     3     1
 -9.5923510905399401E-01 a      1650     2    25     3     1
  3.7982786211110869E-01 b      1651     3     1
